INSERT INTO public."V_REGISTRO_ACADEMICO_B"("RGA_ID", "RGA_PERIODO", "NIS", "TIPO_DOCUMENTO", "NUM_DOC_IDENTIDAD", "ING_ID", "FIC_ID", "PRF_ID", "RTA_ID", "RGA_ETAPA_RUTA", "RGA_ESTADO", "RGA_FCH_REGISTRO", "RGA_FCH_ULTIMO_ESTADO", "NIS_EMP", "RGA_FCH_PASO_A_PRO", "RGA_FCH_FIN_FORMACION") VALUES (96274463, 202402, 33058462, 'TI', '1110370601', 151646354, 2911368, 198816, null, null, 8, TIMESTAMP '2024-02-24 16:08:14', TIMESTAMP '2024-02-24 16:08:14', null, null, null);
INSERT INTO public."V_REGISTRO_ACADEMICO_B"("RGA_ID", "RGA_PERIODO", "NIS", "TIPO_DOCUMENTO", "NUM_DOC_IDENTIDAD", "ING_ID", "FIC_ID", "PRF_ID", "RTA_ID", "RGA_ETAPA_RUTA", "RGA_ESTADO", "RGA_FCH_REGISTRO", "RGA_FCH_ULTIMO_ESTADO", "NIS_EMP", "RGA_FCH_PASO_A_PRO", "RGA_FCH_FIN_FORMACION") VALUES (96274464, 202402, 34540899, 'TI', '1107855455', 151706030, 2911368, 198816, null, null, 8, TIMESTAMP '2024-02-24 16:08:16', TIMESTAMP '2024-02-24 16:08:16', null, null, null);
INSERT INTO public."V_REGISTRO_ACADEMICO_B"("RGA_ID", "RGA_PERIODO", "NIS", "TIPO_DOCUMENTO", "NUM_DOC_IDENTIDAD", "ING_ID", "FIC_ID", "PRF_ID", "RTA_ID", "RGA_ETAPA_RUTA", "RGA_ESTADO", "RGA_FCH_REGISTRO", "RGA_FCH_ULTIMO_ESTADO", "NIS_EMP", "RGA_FCH_PASO_A_PRO", "RGA_FCH_FIN_FORMACION") VALUES (96274465, 202402, 34540450, 'TI', '1075797597', 151705781, 2911368, 198816, null, null, 8, TIMESTAMP '2024-02-24 16:08:19', TIMESTAMP '2024-02-24 16:08:19', null, null, null);
INSERT INTO public."V_REGISTRO_ACADEMICO_B"("RGA_ID", "RGA_PERIODO", "NIS", "TIPO_DOCUMENTO", "NUM_DOC_IDENTIDAD", "ING_ID", "FIC_ID", "PRF_ID", "RTA_ID", "RGA_ETAPA_RUTA", "RGA_ESTADO", "RGA_FCH_REGISTRO", "RGA_FCH_ULTIMO_ESTADO", "NIS_EMP", "RGA_FCH_PASO_A_PRO", "RGA_FCH_FIN_FORMACION") VALUES (96274466, 202402, 34559125, 'TI', '1105373122', 151649097, 2911368, 198816, null, null, 8, TIMESTAMP '2024-02-24 16:08:29', TIMESTAMP '2024-02-24 16:08:29', null, null, null);
INSERT INTO public."V_REGISTRO_ACADEMICO_B"("RGA_ID", "RGA_PERIODO", "NIS", "TIPO_DOCUMENTO", "NUM_DOC_IDENTIDAD", "ING_ID", "FIC_ID", "PRF_ID", "RTA_ID", "RGA_ETAPA_RUTA", "RGA_ESTADO", "RGA_FCH_REGISTRO", "RGA_FCH_ULTIMO_ESTADO", "NIS_EMP", "RGA_FCH_PASO_A_PRO", "RGA_FCH_FIN_FORMACION") VALUES (96274467, 202402, 34540446, 'TI', '1139834081', 151646759, 2911368, 198816, null, null, 8, TIMESTAMP '2024-02-24 16:08:31', TIMESTAMP '2024-02-24 16:08:31', null, null, null);
INSERT INTO public."V_REGISTRO_ACADEMICO_B"("RGA_ID", "RGA_PERIODO", "NIS", "TIPO_DOCUMENTO", "NUM_DOC_IDENTIDAD", "ING_ID", "FIC_ID", "PRF_ID", "RTA_ID", "RGA_ETAPA_RUTA", "RGA_ESTADO", "RGA_FCH_REGISTRO", "RGA_FCH_ULTIMO_ESTADO", "NIS_EMP", "RGA_FCH_PASO_A_PRO", "RGA_FCH_FIN_FORMACION") VALUES (96274623, 202402, 34559101, 'TI', '1109547057', 151646737, 2911368, 198816, null, null, 8, TIMESTAMP '2024-02-24 16:07:05', TIMESTAMP '2024-02-24 16:07:05', null, null, null);
INSERT INTO public."V_REGISTRO_ACADEMICO_B"("RGA_ID", "RGA_PERIODO", "NIS", "TIPO_DOCUMENTO", "NUM_DOC_IDENTIDAD", "ING_ID", "FIC_ID", "PRF_ID", "RTA_ID", "RGA_ETAPA_RUTA", "RGA_ESTADO", "RGA_FCH_REGISTRO", "RGA_FCH_ULTIMO_ESTADO", "NIS_EMP", "RGA_FCH_PASO_A_PRO", "RGA_FCH_FIN_FORMACION") VALUES (96274624, 202402, 34538297, 'TI', '1111549522', 151646467, 2911368, 198816, null, null, 8, TIMESTAMP '2024-02-24 16:07:08', TIMESTAMP '2024-02-24 16:07:08', null, null, null);
INSERT INTO public."V_REGISTRO_ACADEMICO_B"("RGA_ID", "RGA_PERIODO", "NIS", "TIPO_DOCUMENTO", "NUM_DOC_IDENTIDAD", "ING_ID", "FIC_ID", "PRF_ID", "RTA_ID", "RGA_ETAPA_RUTA", "RGA_ESTADO", "RGA_FCH_REGISTRO", "RGA_FCH_ULTIMO_ESTADO", "NIS_EMP", "RGA_FCH_PASO_A_PRO", "RGA_FCH_FIN_FORMACION") VALUES (96274625, 202402, 34538062, 'TI', '1107856370', 151646710, 2911368, 198816, null, null, 8, TIMESTAMP '2024-02-24 16:07:10', TIMESTAMP '2024-02-24 16:07:10', null, null, null);
INSERT INTO public."V_REGISTRO_ACADEMICO_B"("RGA_ID", "RGA_PERIODO", "NIS", "TIPO_DOCUMENTO", "NUM_DOC_IDENTIDAD", "ING_ID", "FIC_ID", "PRF_ID", "RTA_ID", "RGA_ETAPA_RUTA", "RGA_ESTADO", "RGA_FCH_REGISTRO", "RGA_FCH_ULTIMO_ESTADO", "NIS_EMP", "RGA_FCH_PASO_A_PRO", "RGA_FCH_FIN_FORMACION") VALUES (96274626, 202402, 34559282, 'TI', '1109671022', 151710940, 2911368, 198816, null, null, 8, TIMESTAMP '2024-02-24 16:07:13', TIMESTAMP '2024-02-24 16:07:13', null, null, null);
INSERT INTO public."V_REGISTRO_ACADEMICO_B"("RGA_ID", "RGA_PERIODO", "NIS", "TIPO_DOCUMENTO", "NUM_DOC_IDENTIDAD", "ING_ID", "FIC_ID", "PRF_ID", "RTA_ID", "RGA_ETAPA_RUTA", "RGA_ESTADO", "RGA_FCH_REGISTRO", "RGA_FCH_ULTIMO_ESTADO", "NIS_EMP", "RGA_FCH_PASO_A_PRO", "RGA_FCH_FIN_FORMACION") VALUES (96274627, 202402, 34559118, 'TI', '1109668525', 151645943, 2911368, 198816, null, null, 8, TIMESTAMP '2024-02-24 16:07:16', TIMESTAMP '2024-02-24 16:07:16', null, null, null);
INSERT INTO public."V_REGISTRO_ACADEMICO_B"("RGA_ID", "RGA_PERIODO", "NIS", "TIPO_DOCUMENTO", "NUM_DOC_IDENTIDAD", "ING_ID", "FIC_ID", "PRF_ID", "RTA_ID", "RGA_ETAPA_RUTA", "RGA_ESTADO", "RGA_FCH_REGISTRO", "RGA_FCH_ULTIMO_ESTADO", "NIS_EMP", "RGA_FCH_PASO_A_PRO", "RGA_FCH_FIN_FORMACION") VALUES (96274628, 202402, 34539030, 'TI', '1109669646', 151646883, 2911368, 198816, null, null, 8, TIMESTAMP '2024-02-24 16:07:18', TIMESTAMP '2024-02-24 16:07:18', null, null, null);
INSERT INTO public."V_REGISTRO_ACADEMICO_B"("RGA_ID", "RGA_PERIODO", "NIS", "TIPO_DOCUMENTO", "NUM_DOC_IDENTIDAD", "ING_ID", "FIC_ID", "PRF_ID", "RTA_ID", "RGA_ETAPA_RUTA", "RGA_ESTADO", "RGA_FCH_REGISTRO", "RGA_FCH_ULTIMO_ESTADO", "NIS_EMP", "RGA_FCH_PASO_A_PRO", "RGA_FCH_FIN_FORMACION") VALUES (96274629, 202402, 34543493, 'TI', '1108336473', 151646310, 2911368, 198816, null, null, 8, TIMESTAMP '2024-02-24 16:07:21', TIMESTAMP '2024-02-24 16:07:21', null, null, null);
INSERT INTO public."V_REGISTRO_ACADEMICO_B"("RGA_ID", "RGA_PERIODO", "NIS", "TIPO_DOCUMENTO", "NUM_DOC_IDENTIDAD", "ING_ID", "FIC_ID", "PRF_ID", "RTA_ID", "RGA_ETAPA_RUTA", "RGA_ESTADO", "RGA_FCH_REGISTRO", "RGA_FCH_ULTIMO_ESTADO", "NIS_EMP", "RGA_FCH_PASO_A_PRO", "RGA_FCH_FIN_FORMACION") VALUES (96274630, 202402, 34559121, 'TI', '1107856949', 151711026, 2911368, 198816, null, null, 8, TIMESTAMP '2024-02-24 16:07:23', TIMESTAMP '2024-02-24 16:07:23', null, null, null);
INSERT INTO public."V_REGISTRO_ACADEMICO_B"("RGA_ID", "RGA_PERIODO", "NIS", "TIPO_DOCUMENTO", "NUM_DOC_IDENTIDAD", "ING_ID", "FIC_ID", "PRF_ID", "RTA_ID", "RGA_ETAPA_RUTA", "RGA_ESTADO", "RGA_FCH_REGISTRO", "RGA_FCH_ULTIMO_ESTADO", "NIS_EMP", "RGA_FCH_PASO_A_PRO", "RGA_FCH_FIN_FORMACION") VALUES (96274631, 202402, 33183698, 'TI', '1108565881', 151706321, 2911368, 198816, null, null, 8, TIMESTAMP '2024-02-24 16:07:26', TIMESTAMP '2024-02-24 16:07:26', null, null, null);
INSERT INTO public."V_REGISTRO_ACADEMICO_B"("RGA_ID", "RGA_PERIODO", "NIS", "TIPO_DOCUMENTO", "NUM_DOC_IDENTIDAD", "ING_ID", "FIC_ID", "PRF_ID", "RTA_ID", "RGA_ETAPA_RUTA", "RGA_ESTADO", "RGA_FCH_REGISTRO", "RGA_FCH_ULTIMO_ESTADO", "NIS_EMP", "RGA_FCH_PASO_A_PRO", "RGA_FCH_FIN_FORMACION") VALUES (96274632, 202402, 34539029, 'TI', '1107066562', 151646683, 2911368, 198816, null, null, 8, TIMESTAMP '2024-02-24 16:07:28', TIMESTAMP '2024-02-24 16:07:28', null, null, null);
INSERT INTO public."V_REGISTRO_ACADEMICO_B"("RGA_ID", "RGA_PERIODO", "NIS", "TIPO_DOCUMENTO", "NUM_DOC_IDENTIDAD", "ING_ID", "FIC_ID", "PRF_ID", "RTA_ID", "RGA_ETAPA_RUTA", "RGA_ESTADO", "RGA_FCH_REGISTRO", "RGA_FCH_ULTIMO_ESTADO", "NIS_EMP", "RGA_FCH_PASO_A_PRO", "RGA_FCH_FIN_FORMACION") VALUES (96274634, 202402, 34559296, 'TI', '1108335284', 151708891, 2911368, 198816, null, null, 8, TIMESTAMP '2024-02-24 16:07:58', TIMESTAMP '2024-02-24 16:07:58', null, null, null);
INSERT INTO public."V_REGISTRO_ACADEMICO_B"("RGA_ID", "RGA_PERIODO", "NIS", "TIPO_DOCUMENTO", "NUM_DOC_IDENTIDAD", "ING_ID", "FIC_ID", "PRF_ID", "RTA_ID", "RGA_ETAPA_RUTA", "RGA_ESTADO", "RGA_FCH_REGISTRO", "RGA_FCH_ULTIMO_ESTADO", "NIS_EMP", "RGA_FCH_PASO_A_PRO", "RGA_FCH_FIN_FORMACION") VALUES (96274635, 202402, 32761414, 'TI', '1107857817', 151648997, 2911368, 198816, null, null, 8, TIMESTAMP '2024-02-24 16:08:00', TIMESTAMP '2024-02-24 16:08:00', null, null, null);
INSERT INTO public."V_REGISTRO_ACADEMICO_B"("RGA_ID", "RGA_PERIODO", "NIS", "TIPO_DOCUMENTO", "NUM_DOC_IDENTIDAD", "ING_ID", "FIC_ID", "PRF_ID", "RTA_ID", "RGA_ETAPA_RUTA", "RGA_ESTADO", "RGA_FCH_REGISTRO", "RGA_FCH_ULTIMO_ESTADO", "NIS_EMP", "RGA_FCH_PASO_A_PRO", "RGA_FCH_FIN_FORMACION") VALUES (96274636, 202402, 34540910, 'CC', '1023370321', 151706472, 2911368, 198816, null, null, 8, TIMESTAMP '2024-02-24 16:08:02', TIMESTAMP '2024-02-24 16:08:02', null, null, null);
INSERT INTO public."V_REGISTRO_ACADEMICO_B"("RGA_ID", "RGA_PERIODO", "NIS", "TIPO_DOCUMENTO", "NUM_DOC_IDENTIDAD", "ING_ID", "FIC_ID", "PRF_ID", "RTA_ID", "RGA_ETAPA_RUTA", "RGA_ESTADO", "RGA_FCH_REGISTRO", "RGA_FCH_ULTIMO_ESTADO", "NIS_EMP", "RGA_FCH_PASO_A_PRO", "RGA_FCH_FIN_FORMACION") VALUES (96274637, 202402, 34539038, 'TI', '1113701468', 151708901, 2911368, 198816, null, null, 8, TIMESTAMP '2024-02-24 16:08:05', TIMESTAMP '2024-02-24 16:08:05', null, null, null);
INSERT INTO public."V_REGISTRO_ACADEMICO_B"("RGA_ID", "RGA_PERIODO", "NIS", "TIPO_DOCUMENTO", "NUM_DOC_IDENTIDAD", "ING_ID", "FIC_ID", "PRF_ID", "RTA_ID", "RGA_ETAPA_RUTA", "RGA_ESTADO", "RGA_FCH_REGISTRO", "RGA_FCH_ULTIMO_ESTADO", "NIS_EMP", "RGA_FCH_PASO_A_PRO", "RGA_FCH_FIN_FORMACION") VALUES (96274638, 202402, 34540094, 'TI', '1061599526', 151646270, 2911368, 198816, null, null, 8, TIMESTAMP '2024-02-24 16:08:08', TIMESTAMP '2024-02-24 16:08:08', null, null, null);
INSERT INTO public."V_REGISTRO_ACADEMICO_B"("RGA_ID", "RGA_PERIODO", "NIS", "TIPO_DOCUMENTO", "NUM_DOC_IDENTIDAD", "ING_ID", "FIC_ID", "PRF_ID", "RTA_ID", "RGA_ETAPA_RUTA", "RGA_ESTADO", "RGA_FCH_REGISTRO", "RGA_FCH_ULTIMO_ESTADO", "NIS_EMP", "RGA_FCH_PASO_A_PRO", "RGA_FCH_FIN_FORMACION") VALUES (96274647, 202402, 30330089, 'TI', '1107055672', 151648970, 2911368, 198816, null, null, 8, TIMESTAMP '2024-02-24 16:08:56', TIMESTAMP '2024-02-24 16:08:56', null, null, null);
INSERT INTO public."V_REGISTRO_ACADEMICO_B"("RGA_ID", "RGA_PERIODO", "NIS", "TIPO_DOCUMENTO", "NUM_DOC_IDENTIDAD", "ING_ID", "FIC_ID", "PRF_ID", "RTA_ID", "RGA_ETAPA_RUTA", "RGA_ESTADO", "RGA_FCH_REGISTRO", "RGA_FCH_ULTIMO_ESTADO", "NIS_EMP", "RGA_FCH_PASO_A_PRO", "RGA_FCH_FIN_FORMACION") VALUES (96274648, 202402, 34541321, 'TI', '1111483057', 151705989, 2911368, 198816, null, null, 8, TIMESTAMP '2024-02-24 16:08:59', TIMESTAMP '2024-02-24 16:08:59', null, null, null);
INSERT INTO public."V_REGISTRO_ACADEMICO_B"("RGA_ID", "RGA_PERIODO", "NIS", "TIPO_DOCUMENTO", "NUM_DOC_IDENTIDAD", "ING_ID", "FIC_ID", "PRF_ID", "RTA_ID", "RGA_ETAPA_RUTA", "RGA_ESTADO", "RGA_FCH_REGISTRO", "RGA_FCH_ULTIMO_ESTADO", "NIS_EMP", "RGA_FCH_PASO_A_PRO", "RGA_FCH_FIN_FORMACION") VALUES (96274649, 202402, 34887981, 'TI', '1115452617', 151706361, 2911368, 198816, null, null, 8, TIMESTAMP '2024-02-24 16:09:02', TIMESTAMP '2024-02-24 16:09:02', null, null, null);
INSERT INTO public."V_REGISTRO_ACADEMICO_B"("RGA_ID", "RGA_PERIODO", "NIS", "TIPO_DOCUMENTO", "NUM_DOC_IDENTIDAD", "ING_ID", "FIC_ID", "PRF_ID", "RTA_ID", "RGA_ETAPA_RUTA", "RGA_ESTADO", "RGA_FCH_REGISTRO", "RGA_FCH_ULTIMO_ESTADO", "NIS_EMP", "RGA_FCH_PASO_A_PRO", "RGA_FCH_FIN_FORMACION") VALUES (96274650, 202402, 30172117, 'TI', '1020117613', 151710280, 2911368, 198816, null, null, 8, TIMESTAMP '2024-02-24 16:09:09', TIMESTAMP '2024-02-24 16:09:09', null, null, null);
INSERT INTO public."V_REGISTRO_ACADEMICO_B"("RGA_ID", "RGA_PERIODO", "NIS", "TIPO_DOCUMENTO", "NUM_DOC_IDENTIDAD", "ING_ID", "FIC_ID", "PRF_ID", "RTA_ID", "RGA_ETAPA_RUTA", "RGA_ESTADO", "RGA_FCH_REGISTRO", "RGA_FCH_ULTIMO_ESTADO", "NIS_EMP", "RGA_FCH_PASO_A_PRO", "RGA_FCH_FIN_FORMACION") VALUES (96274652, 202402, 34540901, 'TI', '1109670052', 151649412, 2911368, 198816, null, null, 8, TIMESTAMP '2024-02-24 16:09:12', TIMESTAMP '2024-02-24 16:09:12', null, null, null);
INSERT INTO public."V_REGISTRO_ACADEMICO_B"("RGA_ID", "RGA_PERIODO", "NIS", "TIPO_DOCUMENTO", "NUM_DOC_IDENTIDAD", "ING_ID", "FIC_ID", "PRF_ID", "RTA_ID", "RGA_ETAPA_RUTA", "RGA_ESTADO", "RGA_FCH_REGISTRO", "RGA_FCH_ULTIMO_ESTADO", "NIS_EMP", "RGA_FCH_PASO_A_PRO", "RGA_FCH_FIN_FORMACION") VALUES (96274654, 202402, 34539036, 'TI', '1110042851', 151649561, 2911368, 198816, null, null, 8, TIMESTAMP '2024-02-24 16:09:13', TIMESTAMP '2024-02-24 16:09:13', null, null, null);
INSERT INTO public."V_REGISTRO_ACADEMICO_B"("RGA_ID", "RGA_PERIODO", "NIS", "TIPO_DOCUMENTO", "NUM_DOC_IDENTIDAD", "ING_ID", "FIC_ID", "PRF_ID", "RTA_ID", "RGA_ETAPA_RUTA", "RGA_ESTADO", "RGA_FCH_REGISTRO", "RGA_FCH_ULTIMO_ESTADO", "NIS_EMP", "RGA_FCH_PASO_A_PRO", "RGA_FCH_FIN_FORMACION") VALUES (96274659, 202402, 34911217, 'PPT', '6173393', 151706228, 2911368, 198816, null, null, 8, TIMESTAMP '2024-02-24 16:09:22', TIMESTAMP '2024-02-24 16:09:22', null, null, null);
INSERT INTO public."V_REGISTRO_ACADEMICO_B"("RGA_ID", "RGA_PERIODO", "NIS", "TIPO_DOCUMENTO", "NUM_DOC_IDENTIDAD", "ING_ID", "FIC_ID", "PRF_ID", "RTA_ID", "RGA_ETAPA_RUTA", "RGA_ESTADO", "RGA_FCH_REGISTRO", "RGA_FCH_ULTIMO_ESTADO", "NIS_EMP", "RGA_FCH_PASO_A_PRO", "RGA_FCH_FIN_FORMACION") VALUES (96274661, 202402, 30122133, 'TI', '1107856553', 151705932, 2911368, 198816, null, null, 8, TIMESTAMP '2024-02-24 16:09:24', TIMESTAMP '2024-02-24 16:09:24', null, null, null);
INSERT INTO public."V_REGISTRO_ACADEMICO_B"("RGA_ID", "RGA_PERIODO", "NIS", "TIPO_DOCUMENTO", "NUM_DOC_IDENTIDAD", "ING_ID", "FIC_ID", "PRF_ID", "RTA_ID", "RGA_ETAPA_RUTA", "RGA_ESTADO", "RGA_FCH_REGISTRO", "RGA_FCH_ULTIMO_ESTADO", "NIS_EMP", "RGA_FCH_PASO_A_PRO", "RGA_FCH_FIN_FORMACION") VALUES (96274664, 202402, 34855117, 'TI', '1111482153', 151648792, 2911368, 198816, null, null, 8, TIMESTAMP '2024-02-24 16:09:27', TIMESTAMP '2024-02-24 16:09:27', null, null, null);
INSERT INTO public."V_REGISTRO_ACADEMICO_B"("RGA_ID", "RGA_PERIODO", "NIS", "TIPO_DOCUMENTO", "NUM_DOC_IDENTIDAD", "ING_ID", "FIC_ID", "PRF_ID", "RTA_ID", "RGA_ETAPA_RUTA", "RGA_ESTADO", "RGA_FCH_REGISTRO", "RGA_FCH_ULTIMO_ESTADO", "NIS_EMP", "RGA_FCH_PASO_A_PRO", "RGA_FCH_FIN_FORMACION") VALUES (96274667, 202402, 34539035, 'TI', '1056612522', 151706105, 2911368, 198816, null, null, 8, TIMESTAMP '2024-02-24 16:09:31', TIMESTAMP '2024-02-24 16:09:31', null, null, null);
INSERT INTO public."V_REGISTRO_ACADEMICO_B"("RGA_ID", "RGA_PERIODO", "NIS", "TIPO_DOCUMENTO", "NUM_DOC_IDENTIDAD", "ING_ID", "FIC_ID", "PRF_ID", "RTA_ID", "RGA_ETAPA_RUTA", "RGA_ESTADO", "RGA_FCH_REGISTRO", "RGA_FCH_ULTIMO_ESTADO", "NIS_EMP", "RGA_FCH_PASO_A_PRO", "RGA_FCH_FIN_FORMACION") VALUES (96261356, 202402, 34832691, 'TI', '1072661817', 151948572, 2916793, 191577, null, null, 8, TIMESTAMP '2024-02-24 09:42:34', TIMESTAMP '2024-02-24 09:42:34', null, null, null);
INSERT INTO public."V_REGISTRO_ACADEMICO_B"("RGA_ID", "RGA_PERIODO", "NIS", "TIPO_DOCUMENTO", "NUM_DOC_IDENTIDAD", "ING_ID", "FIC_ID", "PRF_ID", "RTA_ID", "RGA_ETAPA_RUTA", "RGA_ESTADO", "RGA_FCH_REGISTRO", "RGA_FCH_ULTIMO_ESTADO", "NIS_EMP", "RGA_FCH_PASO_A_PRO", "RGA_FCH_FIN_FORMACION") VALUES (96261384, 202402, 34832516, 'TI', '1114453574', 151948573, 2916793, 191577, null, null, 8, TIMESTAMP '2024-02-24 09:45:30', TIMESTAMP '2024-02-24 09:45:30', null, null, null);
INSERT INTO public."V_REGISTRO_ACADEMICO_B"("RGA_ID", "RGA_PERIODO", "NIS", "TIPO_DOCUMENTO", "NUM_DOC_IDENTIDAD", "ING_ID", "FIC_ID", "PRF_ID", "RTA_ID", "RGA_ETAPA_RUTA", "RGA_ESTADO", "RGA_FCH_REGISTRO", "RGA_FCH_ULTIMO_ESTADO", "NIS_EMP", "RGA_FCH_PASO_A_PRO", "RGA_FCH_FIN_FORMACION") VALUES (96261386, 202402, 34836296, 'TI', '1114453461', 151948574, 2916793, 191577, null, null, 8, TIMESTAMP '2024-02-24 09:45:37', TIMESTAMP '2024-02-24 09:45:37', null, null, null);
INSERT INTO public."V_REGISTRO_ACADEMICO_B"("RGA_ID", "RGA_PERIODO", "NIS", "TIPO_DOCUMENTO", "NUM_DOC_IDENTIDAD", "ING_ID", "FIC_ID", "PRF_ID", "RTA_ID", "RGA_ETAPA_RUTA", "RGA_ESTADO", "RGA_FCH_REGISTRO", "RGA_FCH_ULTIMO_ESTADO", "NIS_EMP", "RGA_FCH_PASO_A_PRO", "RGA_FCH_FIN_FORMACION") VALUES (96261387, 202402, 34838140, 'TI', '1112154416', 151948575, 2916793, 191577, null, null, 8, TIMESTAMP '2024-02-24 09:45:43', TIMESTAMP '2024-02-24 09:45:43', null, null, null);
INSERT INTO public."V_REGISTRO_ACADEMICO_B"("RGA_ID", "RGA_PERIODO", "NIS", "TIPO_DOCUMENTO", "NUM_DOC_IDENTIDAD", "ING_ID", "FIC_ID", "PRF_ID", "RTA_ID", "RGA_ETAPA_RUTA", "RGA_ESTADO", "RGA_FCH_REGISTRO", "RGA_FCH_ULTIMO_ESTADO", "NIS_EMP", "RGA_FCH_PASO_A_PRO", "RGA_FCH_FIN_FORMACION") VALUES (96261388, 202402, 34832727, 'TI', '1114453118', 151948576, 2916793, 191577, null, null, 8, TIMESTAMP '2024-02-24 09:45:49', TIMESTAMP '2024-02-24 09:45:49', null, null, null);
INSERT INTO public."V_REGISTRO_ACADEMICO_B"("RGA_ID", "RGA_PERIODO", "NIS", "TIPO_DOCUMENTO", "NUM_DOC_IDENTIDAD", "ING_ID", "FIC_ID", "PRF_ID", "RTA_ID", "RGA_ETAPA_RUTA", "RGA_ESTADO", "RGA_FCH_REGISTRO", "RGA_FCH_ULTIMO_ESTADO", "NIS_EMP", "RGA_FCH_PASO_A_PRO", "RGA_FCH_FIN_FORMACION") VALUES (96261389, 202402, 34886680, 'TI', '1114820327', 151948577, 2916793, 191577, null, null, 8, TIMESTAMP '2024-02-24 09:46:03', TIMESTAMP '2024-02-24 09:46:03', null, null, null);
INSERT INTO public."V_REGISTRO_ACADEMICO_B"("RGA_ID", "RGA_PERIODO", "NIS", "TIPO_DOCUMENTO", "NUM_DOC_IDENTIDAD", "ING_ID", "FIC_ID", "PRF_ID", "RTA_ID", "RGA_ETAPA_RUTA", "RGA_ESTADO", "RGA_FCH_REGISTRO", "RGA_FCH_ULTIMO_ESTADO", "NIS_EMP", "RGA_FCH_PASO_A_PRO", "RGA_FCH_FIN_FORMACION") VALUES (96261391, 202402, 34843057, 'TI', '1112957990', 151948578, 2916793, 191577, null, null, 8, TIMESTAMP '2024-02-24 09:46:15', TIMESTAMP '2024-02-24 09:46:15', null, null, null);
INSERT INTO public."V_REGISTRO_ACADEMICO_B"("RGA_ID", "RGA_PERIODO", "NIS", "TIPO_DOCUMENTO", "NUM_DOC_IDENTIDAD", "ING_ID", "FIC_ID", "PRF_ID", "RTA_ID", "RGA_ETAPA_RUTA", "RGA_ESTADO", "RGA_FCH_REGISTRO", "RGA_FCH_ULTIMO_ESTADO", "NIS_EMP", "RGA_FCH_PASO_A_PRO", "RGA_FCH_FIN_FORMACION") VALUES (96261392, 202402, 34878291, 'TI', '1127616373', 151948579, 2916793, 191577, null, null, 8, TIMESTAMP '2024-02-24 09:46:24', TIMESTAMP '2024-02-24 09:46:24', null, null, null);
INSERT INTO public."V_REGISTRO_ACADEMICO_B"("RGA_ID", "RGA_PERIODO", "NIS", "TIPO_DOCUMENTO", "NUM_DOC_IDENTIDAD", "ING_ID", "FIC_ID", "PRF_ID", "RTA_ID", "RGA_ETAPA_RUTA", "RGA_ESTADO", "RGA_FCH_REGISTRO", "RGA_FCH_ULTIMO_ESTADO", "NIS_EMP", "RGA_FCH_PASO_A_PRO", "RGA_FCH_FIN_FORMACION") VALUES (96261393, 202402, 34832690, 'TI', '1112150196', 151948580, 2916793, 191577, null, null, 8, TIMESTAMP '2024-02-24 09:46:36', TIMESTAMP '2024-02-24 09:46:36', null, null, null);
INSERT INTO public."V_REGISTRO_ACADEMICO_B"("RGA_ID", "RGA_PERIODO", "NIS", "TIPO_DOCUMENTO", "NUM_DOC_IDENTIDAD", "ING_ID", "FIC_ID", "PRF_ID", "RTA_ID", "RGA_ETAPA_RUTA", "RGA_ESTADO", "RGA_FCH_REGISTRO", "RGA_FCH_ULTIMO_ESTADO", "NIS_EMP", "RGA_FCH_PASO_A_PRO", "RGA_FCH_FIN_FORMACION") VALUES (96261394, 202402, 34833219, 'TI', '1112154513', 151948581, 2916793, 191577, null, null, 8, TIMESTAMP '2024-02-24 09:46:42', TIMESTAMP '2024-02-24 09:46:42', null, null, null);
INSERT INTO public."V_REGISTRO_ACADEMICO_B"("RGA_ID", "RGA_PERIODO", "NIS", "TIPO_DOCUMENTO", "NUM_DOC_IDENTIDAD", "ING_ID", "FIC_ID", "PRF_ID", "RTA_ID", "RGA_ETAPA_RUTA", "RGA_ESTADO", "RGA_FCH_REGISTRO", "RGA_FCH_ULTIMO_ESTADO", "NIS_EMP", "RGA_FCH_PASO_A_PRO", "RGA_FCH_FIN_FORMACION") VALUES (96261395, 202402, 34832683, 'TI', '1112154022', 151948582, 2916793, 191577, null, null, 8, TIMESTAMP '2024-02-24 09:46:47', TIMESTAMP '2024-02-24 09:46:47', null, null, null);
INSERT INTO public."V_REGISTRO_ACADEMICO_B"("RGA_ID", "RGA_PERIODO", "NIS", "TIPO_DOCUMENTO", "NUM_DOC_IDENTIDAD", "ING_ID", "FIC_ID", "PRF_ID", "RTA_ID", "RGA_ETAPA_RUTA", "RGA_ESTADO", "RGA_FCH_REGISTRO", "RGA_FCH_ULTIMO_ESTADO", "NIS_EMP", "RGA_FCH_PASO_A_PRO", "RGA_FCH_FIN_FORMACION") VALUES (96261397, 202402, 33099513, 'TI', '1112153079', 151948583, 2916793, 191577, null, null, 8, TIMESTAMP '2024-02-24 09:46:52', TIMESTAMP '2024-02-24 09:46:52', null, null, null);
INSERT INTO public."V_REGISTRO_ACADEMICO_B"("RGA_ID", "RGA_PERIODO", "NIS", "TIPO_DOCUMENTO", "NUM_DOC_IDENTIDAD", "ING_ID", "FIC_ID", "PRF_ID", "RTA_ID", "RGA_ETAPA_RUTA", "RGA_ESTADO", "RGA_FCH_REGISTRO", "RGA_FCH_ULTIMO_ESTADO", "NIS_EMP", "RGA_FCH_PASO_A_PRO", "RGA_FCH_FIN_FORMACION") VALUES (96261400, 202402, 29484899, 'TI', '1112391836', 151948585, 2916793, 191577, null, null, 8, TIMESTAMP '2024-02-24 09:46:58', TIMESTAMP '2024-02-24 09:46:58', null, null, null);
INSERT INTO public."V_REGISTRO_ACADEMICO_B"("RGA_ID", "RGA_PERIODO", "NIS", "TIPO_DOCUMENTO", "NUM_DOC_IDENTIDAD", "ING_ID", "FIC_ID", "PRF_ID", "RTA_ID", "RGA_ETAPA_RUTA", "RGA_ESTADO", "RGA_FCH_REGISTRO", "RGA_FCH_ULTIMO_ESTADO", "NIS_EMP", "RGA_FCH_PASO_A_PRO", "RGA_FCH_FIN_FORMACION") VALUES (96261401, 202402, 34837477, 'TI', '1114453457', 151948586, 2916793, 191577, null, null, 8, TIMESTAMP '2024-02-24 09:47:03', TIMESTAMP '2024-02-24 09:47:03', null, null, null);
INSERT INTO public."V_REGISTRO_ACADEMICO_B"("RGA_ID", "RGA_PERIODO", "NIS", "TIPO_DOCUMENTO", "NUM_DOC_IDENTIDAD", "ING_ID", "FIC_ID", "PRF_ID", "RTA_ID", "RGA_ETAPA_RUTA", "RGA_ESTADO", "RGA_FCH_REGISTRO", "RGA_FCH_ULTIMO_ESTADO", "NIS_EMP", "RGA_FCH_PASO_A_PRO", "RGA_FCH_FIN_FORMACION") VALUES (96261403, 202402, 34878177, 'TI', '1127616372', 151948587, 2916793, 191577, null, null, 8, TIMESTAMP '2024-02-24 09:47:08', TIMESTAMP '2024-02-24 09:47:08', null, null, null);




INSERT INTO public."V_PROGRAMA_FORMACION_B"("PRF_ID", "PRF_CODIGO", "PRF_TIPO_PROGRAMA", "TIS_ID_OFRECIDO", "NFS_ID_OFRECIDO", "PRF_VERSION", "PRF_DENOMINACION", "LTC_ID", "TRD_ID", "PRF_DURACION_MAXIMA", "PRF_ALAMEDIDA", "PRF_EDAD_MIN_REQUERIDA", "NIA_ID_MIN_REQUERIDO", "PRF_GRADO_MIN_REQUERIDO", "PRF_DESCRIPCION_REQUISITO", "PRF_ESTRATEGIA_METODOLOGICA", "PRF_ESTADO", "PRF_FCH_REGISTRO", "PRF_FCH_ACTIVO", "RGN_ID", "SED_ID", "PRF_POBLACION_OBJETIVO", "PRF_FCH_CANCELACION", "PRF_MOTIVO_CANCELACION", "ARD_ID", "PRF_DUR_ETAPA_LECTIVA", "PRF_DUR_ETAPA_PROD", "PRF_RESOLUCION", "PRF_URL_MATERIAL", "ETF_ID", "PRF_JUSTIFICACION", "PRF_REQUISITO_CERTIFICACION", "PRF_DESCRIPCION", "PRF_REQUISITO_ACADEMICO_INST", "PRF_EXPERIENCIA_LABORAL_INST", "PRF_COMPETENCIA_MIN_INST", "PRF_CERTIFICA_TP") VALUES (11251, '13530036', 'C', 10627, 8, 1, 'MANEJO BÁSICO DE HERRAMIENTAS OFIMATICAS I', 1, 1, 50, '0', null, null, null, '-Carta de presentación expedida por la comunidad.
-Cumplir con el trámite de selección definido por el Centro', 'Centrada en la construcción de autonomía para garantizar la calidad de la formación en el marco de la formación por competencias, el aprendizaje por proyectos y el  uso de  técnicas didácticas activas que estimulan el pensamiento para la resolución de problemas simulados y reales; soportadas en el utilización de las tecnologías de la información y la comunicación, integradas, en ambientes abiertos y pluritecnológicos, que en todo caso recrean el contexto productivo y vinculan al aprendiz con la realidad cotidiana y el desarrollo de las competencias.
Igualmente, debe estimular de manera  permanente la autocrítica y la reflexión del aprendiz sobre el que hacer y los resultados de aprendizaje que logra a través de la  vinculación  activa  de las cuatro fuentes de información para la construcción de conocimiento:
-El instructor  -  Tutor
-El entorno
-Las TIC
-El trabajo colaborativo', 3, DATE '2010-02-28', TIMESTAMP '2010-02-28 17:56:01', 25, 9510, null, null, null, 1, 0, 0, null, null, null, 'El campo laboral exige cada día más personas competitivas y con conocimientos en el área de informática para la ejecución de muchos procesos que anteriormente se llevaban de manera manual o mecánica. No podemos ser ajenos al auge que tiene la tecnología en nuestras vidas, donde nos facilita muchas de nuestras tareas, permitiéndonos desde elaborar cartas, almacenar información, reproducir música, videos, entre otros hasta comunicarnos con nuestros seres queridos en cualquier lugar del mundo.

Es importante ver como las tecnologías de la información y las comunicaciones (TICS) hacen parte de al menos uno de los diferentes proceso que hoy en día tenemos que realizar ya sea en nuestro estudio, lugar de trabajo o en nuestro hogar.', null, null, '* Ingeniero de Sistemas (Opción 1)
* Tecnólogo en Sistemas (Opción 2)', 'Estar certificado en las unidades de competencia para docentes. 

Administrar las actividades de enseñanza aprendizaje evaluación. 
Planear la evaluación del aprendizaje. 

Ejecutar la evaluación del aprendizaje. 

Orientar los procesos educativos con base en los planes concertados. 

Planear procesos formativos de acuerdo a parámetros institucionales. 

Manejo de los procesos administrativos inherentes a la función docente. 

Capacidad para interpretar, argumentar y proponer alternativas en la solución de problemas. 

Manejo de fuentes de Información: saber acceder, seleccionar, transferir y usar la información empleando herramientas informáticas (procesador de textos, hoja electrónica y uso del correo electrónico). 

Capacidad para la gestión, el seguimiento y la evaluación de las actividades inherentes a sus responsabilidades.', '-Formular, ejecutar y evaluar proyectos.
-Trabajar en equipo.
-Establecer procesos comunicativos asertivos.
-Manejar herramientas informáticas asociadas al área objeto de la formación.', null);
INSERT INTO public."V_PROGRAMA_FORMACION_B"("PRF_ID", "PRF_CODIGO", "PRF_TIPO_PROGRAMA", "TIS_ID_OFRECIDO", "NFS_ID_OFRECIDO", "PRF_VERSION", "PRF_DENOMINACION", "LTC_ID", "TRD_ID", "PRF_DURACION_MAXIMA", "PRF_ALAMEDIDA", "PRF_EDAD_MIN_REQUERIDA", "NIA_ID_MIN_REQUERIDO", "PRF_GRADO_MIN_REQUERIDO", "PRF_DESCRIPCION_REQUISITO", "PRF_ESTRATEGIA_METODOLOGICA", "PRF_ESTADO", "PRF_FCH_REGISTRO", "PRF_FCH_ACTIVO", "RGN_ID", "SED_ID", "PRF_POBLACION_OBJETIVO", "PRF_FCH_CANCELACION", "PRF_MOTIVO_CANCELACION", "ARD_ID", "PRF_DUR_ETAPA_LECTIVA", "PRF_DUR_ETAPA_PROD", "PRF_RESOLUCION", "PRF_URL_MATERIAL", "ETF_ID", "PRF_JUSTIFICACION", "PRF_REQUISITO_CERTIFICACION", "PRF_DESCRIPCION", "PRF_REQUISITO_ACADEMICO_INST", "PRF_EXPERIENCIA_LABORAL_INST", "PRF_COMPETENCIA_MIN_INST", "PRF_CERTIFICA_TP") VALUES (18263, '21730067', 'C', 16745, 8, 1, 'INFORMATICA: MICROSOFT WORD, EXCEL E INTERNET', 1, 1, 40, '0', null, null, null, '-Carta de presentación expedida por la comunidad.
-Cumplir con el trámite de selección definido por el Centro', 'Centrada en la construcción de autonomía para garantizar la calidad de la formación en el marco de la formación por competencias, el aprendizaje por proyectos y el  uso de  técnicas didácticas activas que estimulan el pensamiento para la resolución de problemas simulados y reales; soportadas en el utilización de las tecnologías de la información y la comunicación, integradas, en ambientes abiertos y pluritecnológicos, que en todo caso recrean el contexto productivo y vinculan al aprendiz con la realidad cotidiana y el desarrollo de las competencias.
Igualmente, debe estimular de manera  permanente la autocrítica y la reflexión del aprendiz sobre el que hacer y los resultados de aprendizaje que logra a través de la  vinculación  activa  de las cuatro fuentes de información para la construcción de conocimiento:
-El instructor  -  Tutor
-El entorno
-Las TIC
-El trabajo colaborativo', 3, DATE '2010-04-20', TIMESTAMP '2010-04-22 15:09:40', 95, 9533, null, null, null, 2, 0, 0, null, null, null, 'SE CREO PARA BRINDAR PERSONAL CAPACITADO PARA EL DESEMPEÑO LABORAL, AL SECTOR PRODUCTIVO DE LA ECONOMIA NACIONAL', null, null, 'INGENIERO, TECNOLOGO DE SISTEMAS, AMPLIA EXPERIENCIA EN MANEJO DE BASE DE DATOS.', 'MINIMO UN AÑO DE EXPERIENCIA EN EL AREA Y CONOCIMIENTOS PEDAGOGICOS', '-Formular, ejecutar y evaluar proyectos.
-Trabajar en equipo.
-Establecer procesos comunicativos asertivos.
-Manejar herramientas informáticas asociadas al área objeto de la formación.', null);
INSERT INTO public."V_PROGRAMA_FORMACION_B"("PRF_ID", "PRF_CODIGO", "PRF_TIPO_PROGRAMA", "TIS_ID_OFRECIDO", "NFS_ID_OFRECIDO", "PRF_VERSION", "PRF_DENOMINACION", "LTC_ID", "TRD_ID", "PRF_DURACION_MAXIMA", "PRF_ALAMEDIDA", "PRF_EDAD_MIN_REQUERIDA", "NIA_ID_MIN_REQUERIDO", "PRF_GRADO_MIN_REQUERIDO", "PRF_DESCRIPCION_REQUISITO", "PRF_ESTRATEGIA_METODOLOGICA", "PRF_ESTADO", "PRF_FCH_REGISTRO", "PRF_FCH_ACTIVO", "RGN_ID", "SED_ID", "PRF_POBLACION_OBJETIVO", "PRF_FCH_CANCELACION", "PRF_MOTIVO_CANCELACION", "ARD_ID", "PRF_DUR_ETAPA_LECTIVA", "PRF_DUR_ETAPA_PROD", "PRF_RESOLUCION", "PRF_URL_MATERIAL", "ETF_ID", "PRF_JUSTIFICACION", "PRF_REQUISITO_CERTIFICACION", "PRF_DESCRIPCION", "PRF_REQUISITO_ACADEMICO_INST", "PRF_EXPERIENCIA_LABORAL_INST", "PRF_COMPETENCIA_MIN_INST", "PRF_CERTIFICA_TP") VALUES (73805, '51250026', 'C', 63887, 11, 2, 'ENGLISH DOT WORKS BEGINNER - INGLÉS', 5, 147, 60, '0', null, null, null, 'Se requiere que el aprendiz AVA tenga dominio de elementos básicos en el manejo de herramientas informáticas y de comunicación como: correo electrónico, chats, procesadores de texto, software para presentaciones, navegadores de internet y otros sistemas y herramientas tecnológicas necesarias para la formación virtual.', 'Centrada en la construcción de autonomía para garantizar la calidad de la educación en el marco de la formación por competencias, el aprendizaje por proyectos o el uso de técnicas didácticas activas que estimulan el pensamiento para la resolución de problemas simulados y reales; soportadas en la utilización de las tecnologías de la información y la comunicación, integradas en ambientes virtuales de aprendizaje, que en todo caso recrean el contexto productivo y vinculan al aprendiz con la realidad cotidiana y el desarrollo de las competencias.

Igualmente, debe estimular de manera permanente la autocrítica y la reflexión del aprendiz sobre el quehacer y los resultados de aprendizaje que logra a través de la vinculación activa de las cuatro fuentes de información para la construcción de conocimiento:

	El instructor  Tutor.
	El entorno.
	Las TIC.
	El trabajo colaborativo.
', 1, DATE '2015-09-09', TIMESTAMP '2015-09-24 11:51:58', 1, 1, null, null, null, 5, 0, 0, null, null, null, 'El dominio de la lengua inglesa como herramienta de comunicación internacional, se ha convertido en un requerimiento esencial para estudiantes y trabajadores en cualquier área del conocimiento o sector productivo. Por esta razón, el SENA pone a disposición de sus aprendices el programa de formación complementaria English Dot Works Beginner, el cual se basa en los niveles y referentes del Marco Común Europeo de Referencia para las Lenguas (MCERL) con el fin de ofrecer un programa de formación, estructurado en diez niveles que reúnen una serie de actividades de índole comunicativa. La participación del aprendiz en cada nivel de formación le permitirá ejercitar y afianzar habilidades tales como la comprensión auditiva, la lectura, la conversación y la escritura en inglés.

Centrados en la perspectiva del inglés como una herramienta de comunicación, se presenta el programa de formación English Dot Works Beginner, el cual se enfoca en la identificación, apropiación y uso de estructuras básicas del idioma inglés en un contexto de aprendizaje como lengua extranjera (EFL por sus siglas en inglés), dándole al aprendiz las bases conceptuales y comunicativas para iniciar su proceso de formación bilingüe.', null, null, null, null, '-Formular, ejecutar y evaluar proyectos.
-Trabajar en equipo.
-Establecer procesos comunicativos asertivos.
-Manejar herramientas informáticas asociadas al área objeto de la formación.', null);
INSERT INTO public."V_PROGRAMA_FORMACION_B"("PRF_ID", "PRF_CODIGO", "PRF_TIPO_PROGRAMA", "TIS_ID_OFRECIDO", "NFS_ID_OFRECIDO", "PRF_VERSION", "PRF_DENOMINACION", "LTC_ID", "TRD_ID", "PRF_DURACION_MAXIMA", "PRF_ALAMEDIDA", "PRF_EDAD_MIN_REQUERIDA", "NIA_ID_MIN_REQUERIDO", "PRF_GRADO_MIN_REQUERIDO", "PRF_DESCRIPCION_REQUISITO", "PRF_ESTRATEGIA_METODOLOGICA", "PRF_ESTADO", "PRF_FCH_REGISTRO", "PRF_FCH_ACTIVO", "RGN_ID", "SED_ID", "PRF_POBLACION_OBJETIVO", "PRF_FCH_CANCELACION", "PRF_MOTIVO_CANCELACION", "ARD_ID", "PRF_DUR_ETAPA_LECTIVA", "PRF_DUR_ETAPA_PROD", "PRF_RESOLUCION", "PRF_URL_MATERIAL", "ETF_ID", "PRF_JUSTIFICACION", "PRF_REQUISITO_CERTIFICACION", "PRF_DESCRIPCION", "PRF_REQUISITO_ACADEMICO_INST", "PRF_EXPERIENCIA_LABORAL_INST", "PRF_COMPETENCIA_MIN_INST", "PRF_CERTIFICA_TP") VALUES (74524, '51250023', 'C', 75087, 11, 3, 'ENGLISH DOT WORKS 1 (INGLES)', 5, 147, 60, '0', null, null, null, 'Se requiere que el aprendiz AVA tenga dominio de elementos básicos en el manejo de herramientas informáticas y de comunicación como: correo electrónico, chats, procesadores de texto, software para presentaciones, navegadores de internet y otros sistemas y herramientas tecnológicas necesarias para la formación virtual.', 'Centrada en la construcción de autonomía para garantizar la calidad de la educación en el marco de la formación por competencias, el aprendizaje por proyectos o el uso de técnicas didácticas activas que estimulan el pensamiento para la resolución de problemas simulados y reales; soportadas en la utilización de las tecnologías de la información y la comunicación, integradas en ambientes virtuales de aprendizaje, que en todo caso recrean el contexto productivo y vinculan al aprendiz con la realidad cotidiana y el desarrollo de las competencias.
Igualmente, debe estimular de manera permanente la autocrítica y la reflexión del aprendiz sobre el quehacer y los resultados de aprendizaje que logra a través de la vinculación activa de las cuatro fuentes de información para la construcción de conocimiento:
El instructor; El entorno;  Las TIC; El trabajo colaborativo.
Entendiéndose la estrategia metodológica como el conjunto de medios puestos en práctica racionalmente para la obtención de un resultado determinado (Foulquié, 1976, p. 302), el programa de formación English Dot Works, plantea una estrategia metodológica enfocada en la presentación de contextos para la enseñanza del inglés, que lleven al aprendiz a la construcción, mejoramiento de competencias comunicativas y ciudadanas a través del uso de ambientes virtuales, tecnologías de la información, la comunicación, y el aprendizaje por proyectos. 
El programa English Dot Works proporciona escenarios que ejemplifican el uso del inglés en la cotidianidad, permitiendo la construcción del conocimiento de una manera autónoma, apoyándose en la interacción entre las fuentes de información tales como el instructor, el entorno, las TIC y el trabajo colaborativo; dicha propuesta hace de la autoevaluación y de la reflexión, prácticas indispensables.', 1, DATE '2015-09-24', TIMESTAMP '2015-10-02 11:27:15', 1, 1, null, null, null, 5, 0, 0, null, null, null, 'El dominio de la lengua inglesa como herramienta de comunicación internacional, se ha convertido en un requerimiento esencial para estudiantes y trabajadores en cualquier área del conocimiento o sector productivo. Por esta razón, el SENA pone a disposición de sus aprendices el programa de formación complementaria English Dot Works, el cual se basa en los niveles y referentes del Marco Común Europeo de Referencia para las Lenguas (MCERL) con el fin de ofrecer un programa de formación, estructurado en diez niveles que reúnen una serie de actividades de índole comunicativa. La participación del aprendiz en cada nivel de formación, le permitirá ejercitar y afianzar habilidades tales como la comprensión auditiva, la lectura, la conversación y la escritura, en inglés.

Partiendo de la necesidad de establecer un contexto bilingüe (español-inglés) en el entorno cotidiano, se presenta el programa English Dot Works 1 con el fin de continuar el proceso inicial de aprendizaje del idioma inglés como lengua extranjera. El programa English Dot Works 1, contiene herramientas virtuales que permiten el afianzamiento, y uso de componentes lingüísticos y comunicativos de acuerdo a información personal, rutinas, descripción de lugares y personas y descripción de situaciones que están tomando lugar en el momento de habla en la lengua inglesa, contextualizando al aprendiz en ambientes que propongan un uso real del idioma inglés, y mejoren su formación bilingüe.', null, null, null, null, '-Formular, ejecutar y evaluar proyectos.
-Trabajar en equipo.
-Establecer procesos comunicativos asertivos.
-Manejar herramientas informáticas asociadas al área objeto de la formación.', null);
INSERT INTO public."V_PROGRAMA_FORMACION_B"("PRF_ID", "PRF_CODIGO", "PRF_TIPO_PROGRAMA", "TIS_ID_OFRECIDO", "NFS_ID_OFRECIDO", "PRF_VERSION", "PRF_DENOMINACION", "LTC_ID", "TRD_ID", "PRF_DURACION_MAXIMA", "PRF_ALAMEDIDA", "PRF_EDAD_MIN_REQUERIDA", "NIA_ID_MIN_REQUERIDO", "PRF_GRADO_MIN_REQUERIDO", "PRF_DESCRIPCION_REQUISITO", "PRF_ESTRATEGIA_METODOLOGICA", "PRF_ESTADO", "PRF_FCH_REGISTRO", "PRF_FCH_ACTIVO", "RGN_ID", "SED_ID", "PRF_POBLACION_OBJETIVO", "PRF_FCH_CANCELACION", "PRF_MOTIVO_CANCELACION", "ARD_ID", "PRF_DUR_ETAPA_LECTIVA", "PRF_DUR_ETAPA_PROD", "PRF_RESOLUCION", "PRF_URL_MATERIAL", "ETF_ID", "PRF_JUSTIFICACION", "PRF_REQUISITO_CERTIFICACION", "PRF_DESCRIPCION", "PRF_REQUISITO_ACADEMICO_INST", "PRF_EXPERIENCIA_LABORAL_INST", "PRF_COMPETENCIA_MIN_INST", "PRF_CERTIFICA_TP") VALUES (149014, '22110029', 'C', 134857, 8, 1, 'APLICACIONES DE LA NANOCIENCIA Y NANOTECNOLOGIA EN PROYECTOS DE CIENCIA, TECNOLOGIA E INNOVACION', 4, 18, 144, '0', null, null, null, 'Documento de Identidad
Estar cursando la educación básica y/o media
Competencias Básicas en Matemáticas, Lecto  escritura y ciencias
Superar prueba de aptitud, motivación e interés.', 'Centrada en la construcción de autonomía para garantizar la calidad de los procesos formativos   en el marco de la formación por competencias, el aprendizaje por proyectos y el  uso de  técnicas didácticas activas que estimulan el pensamiento para la resolución de problemas simulados y reales; soportadas en la utilización de las tecnologías de la información y la comunicación, integradas, en ambientes abiertos y pluritecnológicos, que en todo caso recrean el contexto productivo y vinculan al aprendiz con la realidad cotidiana y el desarrollo de las competencias. 

Igualmente, debe estimular de manera permanente la autocrítica y la reflexión del aprendiz sobre el que hacer y los resultados de aprendizaje que logra a través de la vinculación activa de las cuatro fuentes de información para la construcción de conocimiento:

El instructor - Tutor
El entorno
Las TIC
El trabajo colaborativo.', 3, DATE '2020-08-12', TIMESTAMP '2020-09-07 14:50:49', 5, 9203, null, null, null, 2, 0, 0, null, null, null, 'El programa de APLICACIONES DE LA NANOCIENCIA Y NANOTECNOLOGÍA EN PROYECTOS DE CIENCIA, TECNOLOGÍA E INNOVACIÓN  se creó dentro de la propuesta Tecnoacademia SENNOVA del SENA, dirigido a estudiantes de educación básica y media de instituciones educativas públicas y privadas, como un escenario de aprendizaje complementando su formación formal, permitiendo a los aprendices generar bases teóricas y prácticas en estas  disciplinas que han emergido con gran fuerza y que han pasado en breve tiempo de ser conocidas por una pequeña parte de la comunidad científica a ser consideradas pilares de la siguiente revolución tecnológica e industrial, recibiendo por ello una mayor atención de diferentes sectores de la sociedad.

La formación en la nanociencia no consiste únicamente en impartir de forma teórica y experimental los avances en las posibilidades de ubicar espacialmente y medir el tamaño de estructuras en esa región sino también de seguir paso a paso y en lo posible manipular y controlar los acelerados procesos dinámicos o de transformación que ocurren en la nana escala.

Al revisar los estándares de competencias curriculares de Ciencias Naturales en Colombia no se evidencia la inclusión de estas temáticas relacionadas con la Nanociencia y la Nanotecnología y, frente a lo poco que se ha hecho en el ámbito de llevar la divulgación de la Nanociencia a la educación desde el bachillerato, es por eso que la tecnoacademia se ha dotado de una infraestructura y profesionales formados en estas áreas, para ofrecer un programa complementario a la formación formal de los aprendices mediante la transferencia de conocimientos por medio de desarrollo de proyectos aplicados que apuntan a la solución de problemáticas sociales conjugando la ciencia con el desarrollo de habilidades blandas.', null, null, null, null, '-Formular, ejecutar y evaluar proyectos.
-Trabajar en equipo.
-Establecer procesos comunicativos asertivos.
-Manejar herramientas informáticas asociadas al área objeto de la formación.', null);
INSERT INTO public."V_PROGRAMA_FORMACION_B"("PRF_ID", "PRF_CODIGO", "PRF_TIPO_PROGRAMA", "TIS_ID_OFRECIDO", "NFS_ID_OFRECIDO", "PRF_VERSION", "PRF_DENOMINACION", "LTC_ID", "TRD_ID", "PRF_DURACION_MAXIMA", "PRF_ALAMEDIDA", "PRF_EDAD_MIN_REQUERIDA", "NIA_ID_MIN_REQUERIDO", "PRF_GRADO_MIN_REQUERIDO", "PRF_DESCRIPCION_REQUISITO", "PRF_ESTRATEGIA_METODOLOGICA", "PRF_ESTADO", "PRF_FCH_REGISTRO", "PRF_FCH_ACTIVO", "RGN_ID", "SED_ID", "PRF_POBLACION_OBJETIVO", "PRF_FCH_CANCELACION", "PRF_MOTIVO_CANCELACION", "ARD_ID", "PRF_DUR_ETAPA_LECTIVA", "PRF_DUR_ETAPA_PROD", "PRF_RESOLUCION", "PRF_URL_MATERIAL", "ETF_ID", "PRF_JUSTIFICACION", "PRF_REQUISITO_CERTIFICACION", "PRF_DESCRIPCION", "PRF_REQUISITO_ACADEMICO_INST", "PRF_EXPERIENCIA_LABORAL_INST", "PRF_COMPETENCIA_MIN_INST", "PRF_CERTIFICA_TP") VALUES (149454, '42110159', 'C', 135097, 8, 1, 'ORIENTACION DEL PROYECTO DE VIDA CON EL USO DE ESTRATEGIAS INSPIRADORAS', 5, 23, 48, '0', null, null, null, 'Cumplir con requisitos de la convocatoria específica SENA.', 'Centrada en la construcción de autonomía para garantizar la calidad de los procesos formativos   en el marco de la formación por competencias, el aprendizaje por proyectos y el  uso de  técnicas didácticas activas que estimulan el pensamiento para la resolución de problemas simulados y reales; soportadas en la utilización de las tecnologías de la información y la comunicación, integradas, en ambientes abiertos y pluritecnológicos, que en todo caso recrean el contexto productivo y vinculan al aprendiz con la realidad cotidiana y el desarrollo de las competencias. 

Igualmente, debe estimular de manera permanente la autocrítica y la reflexión del aprendiz sobre el que hacer y los resultados de aprendizaje que logra a través de la vinculación activa de las cuatro fuentes de información para la construcción de conocimiento: 
El instructor - Tutor
El entorno
Las TIC
El trabajo colaborativo', 3, DATE '2020-08-18', TIMESTAMP '2020-10-09 10:43:36', 11, 9508, null, null, null, 4, 0, 0, null, null, null, 'El Servicio Nacional de Aprendizaje SENA dentro de sus funciones principales tiene el diseño, promoción y ejecución de programas de Formación Profesional Integral para sectores desprotegidos de la población.  Por lo tanto, en su Plan Estratégico Institucional 2019  2022 uno de sus objetivos es Promover la inclusión social a la oferta institucional con enfoque diferencial, el cual se encuentra alineado con una de las estrategias del Plan Nacional de Desarrollo 2018  2022 y los objetivos de desarrollo sostenibles de la ONU en referencia a la reducción de las desigualdades. Es así como, desde el Gobierno Nacional y la Consejería Presidencial para la Juventud en conjunto con el Servicio Nacional de Aprendizaje SENA se ha desarrollado una estrategia de formación que Inspire, Enfoque y Transforme a los jóvenes del país, orientada a capacitarlos y respaldarlos en la generación e implementación de ideas que aporten a la solución de problemáticas locales y contribuyan al desarrollo de emprendimientos que se consoliden como alternativas viables de generación de valor e ingresos.

De igual manera, esta estrategia busca cerrar brechas económicas y de conocimiento a través de una metodología de entrenamiento disruptivo para apoyar la construcción de proyectos de vida sostenibles; para ello brinda conocimientos, acceso a la información y acompañamiento para generar y fortalecer habilidades que faciliten la apropiación de las competencias propuestas por la industria 4.0 y hábitos que propicien el desarrollo y fortalecimiento de emprendimientos locales sostenibles. Así mismo, plantea un primer pilar el cual es la Inspiración, como proceso humano que cumple la función de motivar a las personas a tomar iniciativas que sin ellas no hubiesen tomado, esta apunta a la necesidad que ha propuesto  la UNESCO  de encontrar nuevos cauces de desarrollo que estimulen la creatividad y la innovación en la búsqueda de un crecimiento y un desarrollo sostenible, equitativos e inclusivos (Unesco,2013). 

Este programa de formación denominado ORIENTACIÓN DEL PROYECTO DE VIDA CON EL USO DE ESTRATEGIAS INSPIRADORAS, brinda elementos conceptuales y herramientas que permita desarrollar la inspiración, creatividad y la innovación, por medio del reconocimiento de valores, intereses, talentos personales, así como de los factores del contexto para fomentar un liderazgo que inspire al joven a fortalecer sus habilidades y llevarlo a una transformación desde lo personal, laboral y empresarial.', null, null, null, null, '-Formular, ejecutar y evaluar proyectos.
-Trabajar en equipo.
-Establecer procesos comunicativos asertivos.
-Manejar herramientas informáticas asociadas al área objeto de la formación.', null);
INSERT INTO public."V_PROGRAMA_FORMACION_B"("PRF_ID", "PRF_CODIGO", "PRF_TIPO_PROGRAMA", "TIS_ID_OFRECIDO", "NFS_ID_OFRECIDO", "PRF_VERSION", "PRF_DENOMINACION", "LTC_ID", "TRD_ID", "PRF_DURACION_MAXIMA", "PRF_ALAMEDIDA", "PRF_EDAD_MIN_REQUERIDA", "NIA_ID_MIN_REQUERIDO", "PRF_GRADO_MIN_REQUERIDO", "PRF_DESCRIPCION_REQUISITO", "PRF_ESTRATEGIA_METODOLOGICA", "PRF_ESTADO", "PRF_FCH_REGISTRO", "PRF_FCH_ACTIVO", "RGN_ID", "SED_ID", "PRF_POBLACION_OBJETIVO", "PRF_FCH_CANCELACION", "PRF_MOTIVO_CANCELACION", "ARD_ID", "PRF_DUR_ETAPA_LECTIVA", "PRF_DUR_ETAPA_PROD", "PRF_RESOLUCION", "PRF_URL_MATERIAL", "ETF_ID", "PRF_JUSTIFICACION", "PRF_REQUISITO_CERTIFICACION", "PRF_DESCRIPCION", "PRF_REQUISITO_ACADEMICO_INST", "PRF_EXPERIENCIA_LABORAL_INST", "PRF_COMPETENCIA_MIN_INST", "PRF_CERTIFICA_TP") VALUES (184454, '23310003', 'C', 104177, 8, 2, 'DISEÑO Y DESARROLLO DE SISTEMAS DE INFORMACION', 1, 1, 144, '0', null, null, null, 'Documento de Identidad.
Estar cursando la educación básica o media.
Conocimientos en el manejo del computador y herramientas ofimáticas.
Competencias en Lectoescritura y matemáticas.', 'Sitúa al aprendiz en un lugar central que conlleva a un aprendizaje de construcción paulatina y significativa. Tecnoacademia acoge metodologías acordes a las tendencias educativas, caracterizándose por una enseñanza que conjuga la relación y los procesos facilitador-aprendiz, aprendiz-aprendiz, aprendiz-material didáctico y aprendiz-contexto. De tal forma, la estrategia metodológica cumple con tres cualidades esenciales: actividad, participación y autodirección. Esto permite que el rol protagónico esté centrado en el aprendiz, ya que es él quien construye, asimila y acomoda su conocimiento. El ejercicio del facilitador es contextualizado y ajustado a situaciones y desafíos que obedezcan al mundo real, plasmados en problemáticas, proyectos, retos y preguntas que permitan movilizar el interés y motivación de aprendices en su proceso de aprendizaje. Igualmente, la estrategia metodológica tiene como direccionadores en el quehacer pedagógico del facilitador tres componentes; la ciencia, la tecnología y la innovación; estos se complementan y armonizan con el desarrollo de habilidades del siglo XXI, habilidades comunicativas, mentalidad de emprendimiento y contribuyendo también a los objetivos de desarrollos sostenible.', 3, DATE '2022-02-03', TIMESTAMP '2022-02-07 14:05:06', 27, 9522, null, null, null, 2, 0, 0, null, null, null, 'El programa de Diseño y Desarrollo de Sistemas de Información, se creó como propuesta pedagógica para la Línea de Tecnologías Virtuales de las Tecnoacademias del Sistema de Investigación, Desarrollo Tecnológico e Investigación (SENNOVA) de todo el país; con la finalidad de brindar a los estudiantes de educación básica y media, formación complementaría en el área de Informática diseño y desarrollo de software; basada en diversas metodologías y didácticas de aprendizaje.

Además, brindar al sector productivo nacional en general (debido a que la Industria del Software aplica para la mejora de los procesos productivos en todos los sectores ya sea industria, comercio, servicios, sector primario y extractivo, entre otros), la posibilidad de incorporar personal con altas calidades laborales y profesionales que contribuyan al desarrollo económico, social y tecnológico de su entorno y del país, así mismo ofrecer a los aprendices formación en las tecnologías relacionados con el ciclo de vida del Software incluyendo fases de Análisis, Diseño, Desarrollo, factores muy importantes para la competitividad y el efectivo posicionamiento de esta industria en el país.

Es por esto que el SENA implementa el programa Diseño y Desarrollo de Sistemas de Información, el cual impactará positivamente a los aprendices desde la educación básica y media, permitiendo integrar más fácilmente la mano de obra capacitada al Sector Productivo: impulsando procesos de actualización tecnológica en las empresas, imprimiendo desarrollo tecnológico en el sector y adaptando las empresas a las nuevas tendencias productivas con el fin de incrementar los niveles de competitividad y calidad, formando mano de obra calificada con criterios de calidad.', null, null, null, null, '-Formular, ejecutar y evaluar proyectos.
-Trabajar en equipo.
-Establecer procesos comunicativos asertivos.
-Manejar herramientas informáticas asociadas al área objeto de la formación.', null);
INSERT INTO public."V_PROGRAMA_FORMACION_B"("PRF_ID", "PRF_CODIGO", "PRF_TIPO_PROGRAMA", "TIS_ID_OFRECIDO", "NFS_ID_OFRECIDO", "PRF_VERSION", "PRF_DENOMINACION", "LTC_ID", "TRD_ID", "PRF_DURACION_MAXIMA", "PRF_ALAMEDIDA", "PRF_EDAD_MIN_REQUERIDA", "NIA_ID_MIN_REQUERIDO", "PRF_GRADO_MIN_REQUERIDO", "PRF_DESCRIPCION_REQUISITO", "PRF_ESTRATEGIA_METODOLOGICA", "PRF_ESTADO", "PRF_FCH_REGISTRO", "PRF_FCH_ACTIVO", "RGN_ID", "SED_ID", "PRF_POBLACION_OBJETIVO", "PRF_FCH_CANCELACION", "PRF_MOTIVO_CANCELACION", "ARD_ID", "PRF_DUR_ETAPA_LECTIVA", "PRF_DUR_ETAPA_PROD", "PRF_RESOLUCION", "PRF_URL_MATERIAL", "ETF_ID", "PRF_JUSTIFICACION", "PRF_REQUISITO_CERTIFICACION", "PRF_DESCRIPCION", "PRF_REQUISITO_ACADEMICO_INST", "PRF_EXPERIENCIA_LABORAL_INST", "PRF_COMPETENCIA_MIN_INST", "PRF_CERTIFICA_TP") VALUES (191577, '936113', 'T', 168617, 2, 1, 'ELABORACION DE PRODUCTOS ALIMENTICIOS.', 3, 13, 2208, '0', null, null, null, null, 'Centrada en la construcción de autonomía para garantizar la calidad de la formación en el marco de la formación por competencias, el aprendizaje por proyectos y el  uso de  técnicas didácticas activas que estimulan el pensamiento para la resolución de problemas simulados y reales; soportadas en el utilización de las tecnologías de la información y la comunicación, integradas, en ambientes abiertos y pluritecnológicos, que en todo caso recrean el contexto productivo y vinculan al aprendiz con la realidad cotidiana y el desarrollo de las competencias.
Igualmente, debe estimular de manera  permanente la autocrítica y la reflexión del aprendiz sobre el que hacer y los resultados de aprendizaje que logra a través de la  vinculación  activa  de las cuatro fuentes de información para la construcción de conocimiento:
-El instructor  -  Tutor
-El entorno
-Las TIC
-El trabajo colaborativo', 3, DATE '2022-05-20', null, 25, 9509, null, null, null, 9, 1344, 864, null, null, null, 'En materia agroalimentaria, Colombia cuenta con alta disponibilidad de tierras, diversidad en suelos y climas, una gran riqueza en recursos naturales, potencial para mantener la producción durante todo el año y un capital humano creativo, que la definen como un país consumidor y productor importante en la región con la capacidad para la oferta sostenible de alimentos y la proyección de convertirse en una plataforma exportadora.  A futuro, la tarea es avanzar de manera conjunta en el marco de un trabajo interinstitucional público  privado, que fomente modelos de producción eficientes y articulados entre todos los eslabones de la cadena agroalimentaria. Además, la industria de alimentos es uno de los principales motores para el desarrollo rural del país, tiene una relevancia particular ya que está llamada a convertirse en una de las despensas alimentarias del mundo tal como lo afirma la Organización de las Naciones Unidas para la Alimentación y la Agricultura; es ahí donde los alimentos procesados tienen grandes oportunidades.

Por otra parte, a través de la Ley 464 de 2017 y el Plan estratégico de ciencia, tecnología e innovación del sector agropecuario colombiano (PECTIA), se promueve el fortalecimiento de la transformación de productos alimenticios que permiten mejorar capacidades para emprender actividades económicas alternativas, con competencias técnicas en la producción sostenible, la transformación y conservación, comercialización y mejoramiento de la calidad e inocuidad de los alimentos locales, y la seguridad alimentaria e igualmente se fomenta el cambio técnico, la generación de valor y la evaluación periódica de sus resultados respecto de la sostenibilidad, la productividad y la competitividad.

Así mismo, la Ley de emprendimiento (Ley 2069 del 2020): Tiene por objeto establecer un marco regulatorio que propicie el emprendimiento y el crecimiento, y la consolidación y sostenibilidad de las empresas, con el fin de aumentar el bienestar social y generar equidad; de igual manera, el SENA está llamado a impulsar la innovación y el desarrollo empresarial en las comunidades.

Por último, los objetivos de desarrollo sostenible de la ONU de Hambre cero y Consumo y producción responsables, apuntan respectivamente: al aumento de la productividad agrícola y de los ingresos de los productores de alimentos en pequeña escala, mediante un acceso seguro y equitativo a las tierras, a otros recursos de producción e insumos.

El sector alimentico requiere recurso humano cualificado capaz de responder integralmente a la dinámica del sector y la sensibilización de la industria frente a la necesidad del cumplimiento de estándares de calidad e inocuidad, demanda personal con capacidades idóneas en su implementación y seguimiento, que contribuyan con el sector agroalimentario en el cumplimiento de los objetivos de calidad a nivel internacional (Codex Alimentarius) y al Plan Decenal de Salud Pública, que incluyen estrategias como el desarrollo de capacidades técnicas, analíticas y de fortalecimiento de los laboratorios de análisis de alimentos. Es así como, el programa de formación Técnico en Elaboración de Productos Alimenticios permitirá al sector agroalimentario contar con personal calificado para desarrollar actividades de higienización de plantas de procesamiento, fabricación de productos alimenticios inocuos y de calidad, recepción y almacenamiento de materias primas e insumos; al igual que para el registro de la producción, demostrando responsabilidad, honestidad y efectividad en su desempeño.

Actualmente, según la información suministrada en el Sistema Nacional De Información de la Educación Superior (SNIES), las entidades que ofertan programas relacionados con la elaboración de productos alimenticios a nivel nacional son Universidad del Atlántico, Instituto Nacional de formación técnica profesional de San Juan del Cesar, Universidad del Tolima y Universidad de Córdoba.

De igual manera, el reporte del observatorio laboral del SENA para vacantes en la Agencia Pública de Empleo (APE) reporta un incremento del 1,4% en Auxiliares en el procesamiento de alimentos y bebidas, 0.1% de incremento en el nivel de operadores colocados y un 0.7% para auxiliares.
La Cámara de Alimentos de la Asociación Nacional de Industriales (ANDI) menciona que en el año 2021 se aseguraron 284.000 empleos formales y directos, representados en 99,13% por micro, pequeñas y medianas empresas de alimentos. Así mismo, las empresas de la industria de alimentos vienen realizando nuevas inversiones para expandir el negocio, ser más eficientes, aumentando las plazas de empleo y el impacto en las comunidades de su entorno

El SENA a través del Técnico en Elaboración de Productos Alimenticios ofrece el programa con todos los elementos de formación profesional, sociales, tecnológicos y culturales, metodologías de aprendizaje innovadoras, acceso a tecnologías, estructurada sobre métodos más que contenidos, lo que potencia la formación de ciudadanos librepensadores, con capacidad crítica, solidarios y emprendedores, que lo acreditan y lo hacen pertinente y coherente con su misión, innovando permanentemente de acuerdo con las tendencias, cambios tecnológicos y las necesidades del sector empresarial y de los trabajadores, impactando positivamente la productividad, la competitividad, la equidad y el desarrollo del país.', null, null, null, null, '-Formular, ejecutar y evaluar proyectos.
-Trabajar en equipo.
-Establecer procesos comunicativos asertivos.
-Manejar herramientas informáticas asociadas al área objeto de la formación.', null);
INSERT INTO public."V_PROGRAMA_FORMACION_B"("PRF_ID", "PRF_CODIGO", "PRF_TIPO_PROGRAMA", "TIS_ID_OFRECIDO", "NFS_ID_OFRECIDO", "PRF_VERSION", "PRF_DENOMINACION", "LTC_ID", "TRD_ID", "PRF_DURACION_MAXIMA", "PRF_ALAMEDIDA", "PRF_EDAD_MIN_REQUERIDA", "NIA_ID_MIN_REQUERIDO", "PRF_GRADO_MIN_REQUERIDO", "PRF_DESCRIPCION_REQUISITO", "PRF_ESTRATEGIA_METODOLOGICA", "PRF_ESTADO", "PRF_FCH_REGISTRO", "PRF_FCH_ACTIVO", "RGN_ID", "SED_ID", "PRF_POBLACION_OBJETIVO", "PRF_FCH_CANCELACION", "PRF_MOTIVO_CANCELACION", "ARD_ID", "PRF_DUR_ETAPA_LECTIVA", "PRF_DUR_ETAPA_PROD", "PRF_RESOLUCION", "PRF_URL_MATERIAL", "ETF_ID", "PRF_JUSTIFICACION", "PRF_REQUISITO_CERTIFICACION", "PRF_DESCRIPCION", "PRF_REQUISITO_ACADEMICO_INST", "PRF_EXPERIENCIA_LABORAL_INST", "PRF_COMPETENCIA_MIN_INST", "PRF_CERTIFICA_TP") VALUES (198816, '233108', 'T', 174857, 2, 1, 'SISTEMAS TELEINFORMÁTICOS', 1, 1, 2304, '0', null, null, null, null, 'Centrada en la construcción de autonomía para garantizar la calidad de la formación en el marco de la formación por competencias, el aprendizaje por proyectos y el  uso de  técnicas didácticas activas que estimulan el pensamiento para la resolución de problemas simulados y reales; soportadas en el utilización de las tecnologías de la información y la comunicación, integradas, en ambientes abiertos y pluritecnológicos, que en todo caso recrean el contexto productivo y vinculan al aprendiz con la realidad cotidiana y el desarrollo de las competencias.
Igualmente, debe estimular de manera  permanente la autocrítica y la reflexión del aprendiz sobre el que hacer y los resultados de aprendizaje que logra a través de la  vinculación  activa  de las cuatro fuentes de información para la construcción de conocimiento:
-El instructor  -  Tutor
-El entorno
-Las TIC
-El trabajo colaborativo', 3, DATE '2023-07-17', null, 5, 9205, null, null, null, 2, 1440, 864, null, null, null, 'En la publicación de Portafolio del mes de marzo 2022 referencia que, las nuevas tecnologías en los últimos años han tenido una notable aceleración, con base en infraestructura digital (conectividad + centros de datos), evidenciando una transformación digital que requiere talento humano, con capacidades de innovación, para la modernización de múltiples sectores. 

De igual manera, el Mobile World Congress (MWC) realizado en marzo 2022 en la ciudad de Barcelona, muestra que más del 50% del PIB Mundial estará digitalizado abarcando los sectores fundamentales como la salud, la minería, el entretenimiento, la agricultura e industria manufacturera, la seguridad, la banca, el gobierno, liderado por entidades como Microsoft, Macintosh, Cisco, Amazon, Oracle, SUN, Linux, Google y otros, dando lineamientos mundiales en avances tecnológicos. 

A nivel nacional, el boletín técnico de marzo 2022 del DANE, indicó que la actividad económica TIC en Colombia que registró mayor participación dentro del valor agregado del sector TIC,  fue telecomunicaciones con un 44,2%; seguido de los servicios TI con un 34,8%; comercio TIC con 12,4%; contenido y media con 7,8%; manufactura TIC con 0,5%, e infraestructura TIC con 0,3%.con lo cual, se puede  apreciar el crecimiento de la actividad económica TIC, en especial el sector servicios TI. Adicionalmente en  el Congreso Internacional de TIC, Andicom 2021,  realizado en Cartagena,   se plantearon retos para la industria TI como: Optimizar los recursos tecnológicos dentro de las empresas, políticas regulatorias y se destacó la importancia de capacitar a más jóvenes en Colombia en materia de nuevas tecnologías. 

El ranking de los perfiles laborales más solicitados en el sector TIC colombiano, según MINTIC 2021, presenta el estudio de brechas de capital humano para el sector TIC donde indica que se debe armonizar la demanda y la oferta de capital humano para aumentar la fuerza laboral y los perfiles en el sector TIC. 
El reporte señala un aumento de cargos críticos, nuevos perfiles y demanda laboral en el sector TIC en postpandemia.

Resultaba casi inevitable que, tras casi dos años de pandemia, algunos perfiles laborales terminaran por cobrar más importancia que otros. Esa situación no solo aumentó la demanda de ciertos cargos tradicionales del sector de las TIC sino que, incluso, creó la necesidad de abrir nuevas vacantes con perfiles que antes eran poco conocidos.

Bajo este contexto, el SENA ofrece el programa TÉCNICO EN SISTEMAS TELEINFORMÁTICOS para aportar al sector productivo personal con alta calidad de formación profesional integral, con capacidades de liderazgo tecnológico, gestión del servicio TIC, mantenimiento CRU (unidad sustituible por el cliente) de equipos, manejo de la información, infraestructura de redes de datos y conectividad, contribuyendo al desarrollo económico, social y tecnológico del país.', null, null, null, null, '-Formular, ejecutar y evaluar proyectos.
-Trabajar en equipo.
-Establecer procesos comunicativos asertivos.
-Manejar herramientas informáticas asociadas al área objeto de la formación.', null);




INSERT INTO public."UBICACION_USUARIO"("NIS", "TIPO_DOCUMENTO", "NUM_DOC_IDENTIDAD", "UBU_DIR_RESIDENCIA", "PAI_ID_RESIDENCIA", "PAI_NOMBRE_RESIDENCIA", "DPT_ID_RESIDENCIA", "DPT_NOMBRE_RESIDENCIA", "MPO_ID_RESIDENCIA", "MPO_NOMBRE_RESIDENCIA", "ZON_ID_RESIDENCIA", "ZON_NOMBRE_RESIDENCIA", "BAR_ID_RESIDENCIA", "BAR_NOMBRE_RESIDENCIA", "UBU_TEL_PRINCIPAL", "UBU_TEL_ALTERNATIVO", "UBU_TEL_MOVIL", "UBU_GRUPO_ETNICO", "UBU_VINCULACION_LABORAL", "UBU_INF_DIRECCION") VALUES (29484899, 'TI', '1112391836', ' ', 57, 'COLOMBIA', 57076, 'VALLE DEL CAUCA', 57076318, 'GUACARÍ', null, null, null, null, '573133309421', null, '3133309421', null, null, null);
INSERT INTO public."UBICACION_USUARIO"("NIS", "TIPO_DOCUMENTO", "NUM_DOC_IDENTIDAD", "UBU_DIR_RESIDENCIA", "PAI_ID_RESIDENCIA", "PAI_NOMBRE_RESIDENCIA", "DPT_ID_RESIDENCIA", "DPT_NOMBRE_RESIDENCIA", "MPO_ID_RESIDENCIA", "MPO_NOMBRE_RESIDENCIA", "ZON_ID_RESIDENCIA", "ZON_NOMBRE_RESIDENCIA", "BAR_ID_RESIDENCIA", "BAR_NOMBRE_RESIDENCIA", "UBU_TEL_PRINCIPAL", "UBU_TEL_ALTERNATIVO", "UBU_TEL_MOVIL", "UBU_GRUPO_ETNICO", "UBU_VINCULACION_LABORAL", "UBU_INF_DIRECCION") VALUES (30122133, 'TI', '1107856553', ' ', 57, 'COLOMBIA', 57076, 'VALLE DEL CAUCA', 57076001, 'CALI', null, null, null, null, '5713690409', null, '3144528153', null, null, null);
INSERT INTO public."UBICACION_USUARIO"("NIS", "TIPO_DOCUMENTO", "NUM_DOC_IDENTIDAD", "UBU_DIR_RESIDENCIA", "PAI_ID_RESIDENCIA", "PAI_NOMBRE_RESIDENCIA", "DPT_ID_RESIDENCIA", "DPT_NOMBRE_RESIDENCIA", "MPO_ID_RESIDENCIA", "MPO_NOMBRE_RESIDENCIA", "ZON_ID_RESIDENCIA", "ZON_NOMBRE_RESIDENCIA", "BAR_ID_RESIDENCIA", "BAR_NOMBRE_RESIDENCIA", "UBU_TEL_PRINCIPAL", "UBU_TEL_ALTERNATIVO", "UBU_TEL_MOVIL", "UBU_GRUPO_ETNICO", "UBU_VINCULACION_LABORAL", "UBU_INF_DIRECCION") VALUES (30172117, 'TI', '1020117613', ' ', 57, 'COLOMBIA', 57076, 'VALLE DEL CAUCA', 57076001, 'CALI', null, null, null, null, '573135909611', null, '3135909611', null, null, null);
INSERT INTO public."UBICACION_USUARIO"("NIS", "TIPO_DOCUMENTO", "NUM_DOC_IDENTIDAD", "UBU_DIR_RESIDENCIA", "PAI_ID_RESIDENCIA", "PAI_NOMBRE_RESIDENCIA", "DPT_ID_RESIDENCIA", "DPT_NOMBRE_RESIDENCIA", "MPO_ID_RESIDENCIA", "MPO_NOMBRE_RESIDENCIA", "ZON_ID_RESIDENCIA", "ZON_NOMBRE_RESIDENCIA", "BAR_ID_RESIDENCIA", "BAR_NOMBRE_RESIDENCIA", "UBU_TEL_PRINCIPAL", "UBU_TEL_ALTERNATIVO", "UBU_TEL_MOVIL", "UBU_GRUPO_ETNICO", "UBU_VINCULACION_LABORAL", "UBU_INF_DIRECCION") VALUES (30330089, 'TI', '1107055672', ' ', 57, 'COLOMBIA', 57076, 'VALLE DEL CAUCA', 57076001, 'CALI', null, null, null, null, '5714262658', null, '3205287264', null, null, null);
INSERT INTO public."UBICACION_USUARIO"("NIS", "TIPO_DOCUMENTO", "NUM_DOC_IDENTIDAD", "UBU_DIR_RESIDENCIA", "PAI_ID_RESIDENCIA", "PAI_NOMBRE_RESIDENCIA", "DPT_ID_RESIDENCIA", "DPT_NOMBRE_RESIDENCIA", "MPO_ID_RESIDENCIA", "MPO_NOMBRE_RESIDENCIA", "ZON_ID_RESIDENCIA", "ZON_NOMBRE_RESIDENCIA", "BAR_ID_RESIDENCIA", "BAR_NOMBRE_RESIDENCIA", "UBU_TEL_PRINCIPAL", "UBU_TEL_ALTERNATIVO", "UBU_TEL_MOVIL", "UBU_GRUPO_ETNICO", "UBU_VINCULACION_LABORAL", "UBU_INF_DIRECCION") VALUES (32761414, 'TI', '1107857817', ' ', 57, 'COLOMBIA', 57076, 'VALLE DEL CAUCA', 57076001, 'CALI', null, null, null, null, '5754158905', null, '3006324733', null, null, null);
INSERT INTO public."UBICACION_USUARIO"("NIS", "TIPO_DOCUMENTO", "NUM_DOC_IDENTIDAD", "UBU_DIR_RESIDENCIA", "PAI_ID_RESIDENCIA", "PAI_NOMBRE_RESIDENCIA", "DPT_ID_RESIDENCIA", "DPT_NOMBRE_RESIDENCIA", "MPO_ID_RESIDENCIA", "MPO_NOMBRE_RESIDENCIA", "ZON_ID_RESIDENCIA", "ZON_NOMBRE_RESIDENCIA", "BAR_ID_RESIDENCIA", "BAR_NOMBRE_RESIDENCIA", "UBU_TEL_PRINCIPAL", "UBU_TEL_ALTERNATIVO", "UBU_TEL_MOVIL", "UBU_GRUPO_ETNICO", "UBU_VINCULACION_LABORAL", "UBU_INF_DIRECCION") VALUES (33058462, 'TI', '1110370601', ' ', 57, 'COLOMBIA', 57076, 'VALLE DEL CAUCA', 57076001, 'CALI', null, null, null, null, '573205552578', null, '3146279658', null, null, null);
INSERT INTO public."UBICACION_USUARIO"("NIS", "TIPO_DOCUMENTO", "NUM_DOC_IDENTIDAD", "UBU_DIR_RESIDENCIA", "PAI_ID_RESIDENCIA", "PAI_NOMBRE_RESIDENCIA", "DPT_ID_RESIDENCIA", "DPT_NOMBRE_RESIDENCIA", "MPO_ID_RESIDENCIA", "MPO_NOMBRE_RESIDENCIA", "ZON_ID_RESIDENCIA", "ZON_NOMBRE_RESIDENCIA", "BAR_ID_RESIDENCIA", "BAR_NOMBRE_RESIDENCIA", "UBU_TEL_PRINCIPAL", "UBU_TEL_ALTERNATIVO", "UBU_TEL_MOVIL", "UBU_GRUPO_ETNICO", "UBU_VINCULACION_LABORAL", "UBU_INF_DIRECCION") VALUES (33099513, 'TI', '1112153079', ' ', 57, 'COLOMBIA', 57076, 'VALLE DEL CAUCA', 57076318, 'GUACARÍ', null, null, null, null, '573052615409', null, '3052615409', null, null, null);
INSERT INTO public."UBICACION_USUARIO"("NIS", "TIPO_DOCUMENTO", "NUM_DOC_IDENTIDAD", "UBU_DIR_RESIDENCIA", "PAI_ID_RESIDENCIA", "PAI_NOMBRE_RESIDENCIA", "DPT_ID_RESIDENCIA", "DPT_NOMBRE_RESIDENCIA", "MPO_ID_RESIDENCIA", "MPO_NOMBRE_RESIDENCIA", "ZON_ID_RESIDENCIA", "ZON_NOMBRE_RESIDENCIA", "BAR_ID_RESIDENCIA", "BAR_NOMBRE_RESIDENCIA", "UBU_TEL_PRINCIPAL", "UBU_TEL_ALTERNATIVO", "UBU_TEL_MOVIL", "UBU_GRUPO_ETNICO", "UBU_VINCULACION_LABORAL", "UBU_INF_DIRECCION") VALUES (33183698, 'TI', '1108565881', ' ', 57, 'COLOMBIA', 57076, 'VALLE DEL CAUCA', 57076001, 'CALI', null, null, null, null, '5713000000', null, '3022968265', null, null, null);
INSERT INTO public."UBICACION_USUARIO"("NIS", "TIPO_DOCUMENTO", "NUM_DOC_IDENTIDAD", "UBU_DIR_RESIDENCIA", "PAI_ID_RESIDENCIA", "PAI_NOMBRE_RESIDENCIA", "DPT_ID_RESIDENCIA", "DPT_NOMBRE_RESIDENCIA", "MPO_ID_RESIDENCIA", "MPO_NOMBRE_RESIDENCIA", "ZON_ID_RESIDENCIA", "ZON_NOMBRE_RESIDENCIA", "BAR_ID_RESIDENCIA", "BAR_NOMBRE_RESIDENCIA", "UBU_TEL_PRINCIPAL", "UBU_TEL_ALTERNATIVO", "UBU_TEL_MOVIL", "UBU_GRUPO_ETNICO", "UBU_VINCULACION_LABORAL", "UBU_INF_DIRECCION") VALUES (34538062, 'TI', '1107856370', ' ', 57, 'COLOMBIA', 57076, 'VALLE DEL CAUCA', 57076001, 'CALI', null, null, null, null, '3217561218', null, '3217561218', null, null, null);
INSERT INTO public."UBICACION_USUARIO"("NIS", "TIPO_DOCUMENTO", "NUM_DOC_IDENTIDAD", "UBU_DIR_RESIDENCIA", "PAI_ID_RESIDENCIA", "PAI_NOMBRE_RESIDENCIA", "DPT_ID_RESIDENCIA", "DPT_NOMBRE_RESIDENCIA", "MPO_ID_RESIDENCIA", "MPO_NOMBRE_RESIDENCIA", "ZON_ID_RESIDENCIA", "ZON_NOMBRE_RESIDENCIA", "BAR_ID_RESIDENCIA", "BAR_NOMBRE_RESIDENCIA", "UBU_TEL_PRINCIPAL", "UBU_TEL_ALTERNATIVO", "UBU_TEL_MOVIL", "UBU_GRUPO_ETNICO", "UBU_VINCULACION_LABORAL", "UBU_INF_DIRECCION") VALUES (34538297, 'TI', '1111549522', ' CALLE 21 #2-50 ', 57, 'COLOMBIA', 57076, 'VALLE DEL CAUCA', 57076001, 'CALI', null, null, null, null, '3116476959 ', '3148423432 ', '3152949786', null, null, null);
INSERT INTO public."UBICACION_USUARIO"("NIS", "TIPO_DOCUMENTO", "NUM_DOC_IDENTIDAD", "UBU_DIR_RESIDENCIA", "PAI_ID_RESIDENCIA", "PAI_NOMBRE_RESIDENCIA", "DPT_ID_RESIDENCIA", "DPT_NOMBRE_RESIDENCIA", "MPO_ID_RESIDENCIA", "MPO_NOMBRE_RESIDENCIA", "ZON_ID_RESIDENCIA", "ZON_NOMBRE_RESIDENCIA", "BAR_ID_RESIDENCIA", "BAR_NOMBRE_RESIDENCIA", "UBU_TEL_PRINCIPAL", "UBU_TEL_ALTERNATIVO", "UBU_TEL_MOVIL", "UBU_GRUPO_ETNICO", "UBU_VINCULACION_LABORAL", "UBU_INF_DIRECCION") VALUES (34539029, 'TI', '1107066562', ' ', 57, 'COLOMBIA', 57076, 'VALLE DEL CAUCA', 57076001, 'CALI', null, null, null, null, '5718603456', null, '3001234567', null, null, null);
INSERT INTO public."UBICACION_USUARIO"("NIS", "TIPO_DOCUMENTO", "NUM_DOC_IDENTIDAD", "UBU_DIR_RESIDENCIA", "PAI_ID_RESIDENCIA", "PAI_NOMBRE_RESIDENCIA", "DPT_ID_RESIDENCIA", "DPT_NOMBRE_RESIDENCIA", "MPO_ID_RESIDENCIA", "MPO_NOMBRE_RESIDENCIA", "ZON_ID_RESIDENCIA", "ZON_NOMBRE_RESIDENCIA", "BAR_ID_RESIDENCIA", "BAR_NOMBRE_RESIDENCIA", "UBU_TEL_PRINCIPAL", "UBU_TEL_ALTERNATIVO", "UBU_TEL_MOVIL", "UBU_GRUPO_ETNICO", "UBU_VINCULACION_LABORAL", "UBU_INF_DIRECCION") VALUES (34539030, 'TI', '1109669646', ' ', 57, 'COLOMBIA', 57076, 'VALLE DEL CAUCA', 57076001, 'CALI', null, null, null, null, '573104541969', null, '3104541969', null, null, null);
INSERT INTO public."UBICACION_USUARIO"("NIS", "TIPO_DOCUMENTO", "NUM_DOC_IDENTIDAD", "UBU_DIR_RESIDENCIA", "PAI_ID_RESIDENCIA", "PAI_NOMBRE_RESIDENCIA", "DPT_ID_RESIDENCIA", "DPT_NOMBRE_RESIDENCIA", "MPO_ID_RESIDENCIA", "MPO_NOMBRE_RESIDENCIA", "ZON_ID_RESIDENCIA", "ZON_NOMBRE_RESIDENCIA", "BAR_ID_RESIDENCIA", "BAR_NOMBRE_RESIDENCIA", "UBU_TEL_PRINCIPAL", "UBU_TEL_ALTERNATIVO", "UBU_TEL_MOVIL", "UBU_GRUPO_ETNICO", "UBU_VINCULACION_LABORAL", "UBU_INF_DIRECCION") VALUES (34539035, 'TI', '1056612522', ' ', 57, 'COLOMBIA', 57076, 'VALLE DEL CAUCA', 57076001, 'CALI', null, null, null, null, '576068764753', null, '3005597879', null, null, null);
INSERT INTO public."UBICACION_USUARIO"("NIS", "TIPO_DOCUMENTO", "NUM_DOC_IDENTIDAD", "UBU_DIR_RESIDENCIA", "PAI_ID_RESIDENCIA", "PAI_NOMBRE_RESIDENCIA", "DPT_ID_RESIDENCIA", "DPT_NOMBRE_RESIDENCIA", "MPO_ID_RESIDENCIA", "MPO_NOMBRE_RESIDENCIA", "ZON_ID_RESIDENCIA", "ZON_NOMBRE_RESIDENCIA", "BAR_ID_RESIDENCIA", "BAR_NOMBRE_RESIDENCIA", "UBU_TEL_PRINCIPAL", "UBU_TEL_ALTERNATIVO", "UBU_TEL_MOVIL", "UBU_GRUPO_ETNICO", "UBU_VINCULACION_LABORAL", "UBU_INF_DIRECCION") VALUES (34539036, 'TI', '1110042851', ' ', 57, 'COLOMBIA', 57076, 'VALLE DEL CAUCA', 57076001, 'CALI', null, null, null, null, '5714763795', null, '3202466112', null, null, null);
INSERT INTO public."UBICACION_USUARIO"("NIS", "TIPO_DOCUMENTO", "NUM_DOC_IDENTIDAD", "UBU_DIR_RESIDENCIA", "PAI_ID_RESIDENCIA", "PAI_NOMBRE_RESIDENCIA", "DPT_ID_RESIDENCIA", "DPT_NOMBRE_RESIDENCIA", "MPO_ID_RESIDENCIA", "MPO_NOMBRE_RESIDENCIA", "ZON_ID_RESIDENCIA", "ZON_NOMBRE_RESIDENCIA", "BAR_ID_RESIDENCIA", "BAR_NOMBRE_RESIDENCIA", "UBU_TEL_PRINCIPAL", "UBU_TEL_ALTERNATIVO", "UBU_TEL_MOVIL", "UBU_GRUPO_ETNICO", "UBU_VINCULACION_LABORAL", "UBU_INF_DIRECCION") VALUES (34539038, 'TI', '1113701468', ' ', 57, 'COLOMBIA', 57076, 'VALLE DEL CAUCA', 57076001, 'CALI', null, null, null, null, '573152393572', null, '3152393572', null, null, null);
INSERT INTO public."UBICACION_USUARIO"("NIS", "TIPO_DOCUMENTO", "NUM_DOC_IDENTIDAD", "UBU_DIR_RESIDENCIA", "PAI_ID_RESIDENCIA", "PAI_NOMBRE_RESIDENCIA", "DPT_ID_RESIDENCIA", "DPT_NOMBRE_RESIDENCIA", "MPO_ID_RESIDENCIA", "MPO_NOMBRE_RESIDENCIA", "ZON_ID_RESIDENCIA", "ZON_NOMBRE_RESIDENCIA", "BAR_ID_RESIDENCIA", "BAR_NOMBRE_RESIDENCIA", "UBU_TEL_PRINCIPAL", "UBU_TEL_ALTERNATIVO", "UBU_TEL_MOVIL", "UBU_GRUPO_ETNICO", "UBU_VINCULACION_LABORAL", "UBU_INF_DIRECCION") VALUES (34540094, 'TI', '1061599526', ' ', 57, 'COLOMBIA', 57076, 'VALLE DEL CAUCA', 57076001, 'CALI', null, null, null, null, '573115503972', null, '3115503972', null, null, null);
INSERT INTO public."UBICACION_USUARIO"("NIS", "TIPO_DOCUMENTO", "NUM_DOC_IDENTIDAD", "UBU_DIR_RESIDENCIA", "PAI_ID_RESIDENCIA", "PAI_NOMBRE_RESIDENCIA", "DPT_ID_RESIDENCIA", "DPT_NOMBRE_RESIDENCIA", "MPO_ID_RESIDENCIA", "MPO_NOMBRE_RESIDENCIA", "ZON_ID_RESIDENCIA", "ZON_NOMBRE_RESIDENCIA", "BAR_ID_RESIDENCIA", "BAR_NOMBRE_RESIDENCIA", "UBU_TEL_PRINCIPAL", "UBU_TEL_ALTERNATIVO", "UBU_TEL_MOVIL", "UBU_GRUPO_ETNICO", "UBU_VINCULACION_LABORAL", "UBU_INF_DIRECCION") VALUES (34540446, 'TI', '1139834081', ' ', 57, 'COLOMBIA', 57076, 'VALLE DEL CAUCA', 57076001, 'CALI', null, null, null, null, '573126610436', null, '3126610436', null, null, null);
INSERT INTO public."UBICACION_USUARIO"("NIS", "TIPO_DOCUMENTO", "NUM_DOC_IDENTIDAD", "UBU_DIR_RESIDENCIA", "PAI_ID_RESIDENCIA", "PAI_NOMBRE_RESIDENCIA", "DPT_ID_RESIDENCIA", "DPT_NOMBRE_RESIDENCIA", "MPO_ID_RESIDENCIA", "MPO_NOMBRE_RESIDENCIA", "ZON_ID_RESIDENCIA", "ZON_NOMBRE_RESIDENCIA", "BAR_ID_RESIDENCIA", "BAR_NOMBRE_RESIDENCIA", "UBU_TEL_PRINCIPAL", "UBU_TEL_ALTERNATIVO", "UBU_TEL_MOVIL", "UBU_GRUPO_ETNICO", "UBU_VINCULACION_LABORAL", "UBU_INF_DIRECCION") VALUES (34540450, 'TI', '1075797597', ' ', 57, 'COLOMBIA', 57076, 'VALLE DEL CAUCA', 57076001, 'CALI', null, null, null, null, '573206790979', null, '3206790979', null, null, null);
INSERT INTO public."UBICACION_USUARIO"("NIS", "TIPO_DOCUMENTO", "NUM_DOC_IDENTIDAD", "UBU_DIR_RESIDENCIA", "PAI_ID_RESIDENCIA", "PAI_NOMBRE_RESIDENCIA", "DPT_ID_RESIDENCIA", "DPT_NOMBRE_RESIDENCIA", "MPO_ID_RESIDENCIA", "MPO_NOMBRE_RESIDENCIA", "ZON_ID_RESIDENCIA", "ZON_NOMBRE_RESIDENCIA", "BAR_ID_RESIDENCIA", "BAR_NOMBRE_RESIDENCIA", "UBU_TEL_PRINCIPAL", "UBU_TEL_ALTERNATIVO", "UBU_TEL_MOVIL", "UBU_GRUPO_ETNICO", "UBU_VINCULACION_LABORAL", "UBU_INF_DIRECCION") VALUES (34540899, 'TI', '1107855455', ' ', 57, 'COLOMBIA', 57076, 'VALLE DEL CAUCA', 57076001, 'CALI', null, null, null, null, '573008784695', null, '3008784695', null, null, null);
INSERT INTO public."UBICACION_USUARIO"("NIS", "TIPO_DOCUMENTO", "NUM_DOC_IDENTIDAD", "UBU_DIR_RESIDENCIA", "PAI_ID_RESIDENCIA", "PAI_NOMBRE_RESIDENCIA", "DPT_ID_RESIDENCIA", "DPT_NOMBRE_RESIDENCIA", "MPO_ID_RESIDENCIA", "MPO_NOMBRE_RESIDENCIA", "ZON_ID_RESIDENCIA", "ZON_NOMBRE_RESIDENCIA", "BAR_ID_RESIDENCIA", "BAR_NOMBRE_RESIDENCIA", "UBU_TEL_PRINCIPAL", "UBU_TEL_ALTERNATIVO", "UBU_TEL_MOVIL", "UBU_GRUPO_ETNICO", "UBU_VINCULACION_LABORAL", "UBU_INF_DIRECCION") VALUES (34540901, 'TI', '1109670052', ' ', 57, 'COLOMBIA', 57076, 'VALLE DEL CAUCA', 57076001, 'CALI', null, null, null, null, '573123280810', null, null, null, null, null);
INSERT INTO public."UBICACION_USUARIO"("NIS", "TIPO_DOCUMENTO", "NUM_DOC_IDENTIDAD", "UBU_DIR_RESIDENCIA", "PAI_ID_RESIDENCIA", "PAI_NOMBRE_RESIDENCIA", "DPT_ID_RESIDENCIA", "DPT_NOMBRE_RESIDENCIA", "MPO_ID_RESIDENCIA", "MPO_NOMBRE_RESIDENCIA", "ZON_ID_RESIDENCIA", "ZON_NOMBRE_RESIDENCIA", "BAR_ID_RESIDENCIA", "BAR_NOMBRE_RESIDENCIA", "UBU_TEL_PRINCIPAL", "UBU_TEL_ALTERNATIVO", "UBU_TEL_MOVIL", "UBU_GRUPO_ETNICO", "UBU_VINCULACION_LABORAL", "UBU_INF_DIRECCION") VALUES (34540910, 'CC', '1023370321', ' ', 57, 'COLOMBIA', 57076, 'VALLE DEL CAUCA', 57076001, 'CALI', null, null, null, null, '5717073685', null, '3125960035', null, null, null);
INSERT INTO public."UBICACION_USUARIO"("NIS", "TIPO_DOCUMENTO", "NUM_DOC_IDENTIDAD", "UBU_DIR_RESIDENCIA", "PAI_ID_RESIDENCIA", "PAI_NOMBRE_RESIDENCIA", "DPT_ID_RESIDENCIA", "DPT_NOMBRE_RESIDENCIA", "MPO_ID_RESIDENCIA", "MPO_NOMBRE_RESIDENCIA", "ZON_ID_RESIDENCIA", "ZON_NOMBRE_RESIDENCIA", "BAR_ID_RESIDENCIA", "BAR_NOMBRE_RESIDENCIA", "UBU_TEL_PRINCIPAL", "UBU_TEL_ALTERNATIVO", "UBU_TEL_MOVIL", "UBU_GRUPO_ETNICO", "UBU_VINCULACION_LABORAL", "UBU_INF_DIRECCION") VALUES (34541321, 'TI', '1111483057', ' ', 57, 'COLOMBIA', 57076, 'VALLE DEL CAUCA', 57076001, 'CALI', null, null, null, null, '571222222222', null, '3002222222', null, null, null);
INSERT INTO public."UBICACION_USUARIO"("NIS", "TIPO_DOCUMENTO", "NUM_DOC_IDENTIDAD", "UBU_DIR_RESIDENCIA", "PAI_ID_RESIDENCIA", "PAI_NOMBRE_RESIDENCIA", "DPT_ID_RESIDENCIA", "DPT_NOMBRE_RESIDENCIA", "MPO_ID_RESIDENCIA", "MPO_NOMBRE_RESIDENCIA", "ZON_ID_RESIDENCIA", "ZON_NOMBRE_RESIDENCIA", "BAR_ID_RESIDENCIA", "BAR_NOMBRE_RESIDENCIA", "UBU_TEL_PRINCIPAL", "UBU_TEL_ALTERNATIVO", "UBU_TEL_MOVIL", "UBU_GRUPO_ETNICO", "UBU_VINCULACION_LABORAL", "UBU_INF_DIRECCION") VALUES (34543493, 'TI', '1108336473', ' ', 57, 'COLOMBIA', 57076, 'VALLE DEL CAUCA', 57076001, 'CALI', null, null, null, null, '573115962057', null, null, null, null, null);
INSERT INTO public."UBICACION_USUARIO"("NIS", "TIPO_DOCUMENTO", "NUM_DOC_IDENTIDAD", "UBU_DIR_RESIDENCIA", "PAI_ID_RESIDENCIA", "PAI_NOMBRE_RESIDENCIA", "DPT_ID_RESIDENCIA", "DPT_NOMBRE_RESIDENCIA", "MPO_ID_RESIDENCIA", "MPO_NOMBRE_RESIDENCIA", "ZON_ID_RESIDENCIA", "ZON_NOMBRE_RESIDENCIA", "BAR_ID_RESIDENCIA", "BAR_NOMBRE_RESIDENCIA", "UBU_TEL_PRINCIPAL", "UBU_TEL_ALTERNATIVO", "UBU_TEL_MOVIL", "UBU_GRUPO_ETNICO", "UBU_VINCULACION_LABORAL", "UBU_INF_DIRECCION") VALUES (34559101, 'TI', '1109547057', ' ', 57, 'COLOMBIA', 57076, 'VALLE DEL CAUCA', 57076001, 'CALI', null, null, null, null, '5721791705', null, '3011791705', null, null, null);
INSERT INTO public."UBICACION_USUARIO"("NIS", "TIPO_DOCUMENTO", "NUM_DOC_IDENTIDAD", "UBU_DIR_RESIDENCIA", "PAI_ID_RESIDENCIA", "PAI_NOMBRE_RESIDENCIA", "DPT_ID_RESIDENCIA", "DPT_NOMBRE_RESIDENCIA", "MPO_ID_RESIDENCIA", "MPO_NOMBRE_RESIDENCIA", "ZON_ID_RESIDENCIA", "ZON_NOMBRE_RESIDENCIA", "BAR_ID_RESIDENCIA", "BAR_NOMBRE_RESIDENCIA", "UBU_TEL_PRINCIPAL", "UBU_TEL_ALTERNATIVO", "UBU_TEL_MOVIL", "UBU_GRUPO_ETNICO", "UBU_VINCULACION_LABORAL", "UBU_INF_DIRECCION") VALUES (34559118, 'TI', '1109668525', ' ', 57, 'COLOMBIA', 57076, 'VALLE DEL CAUCA', 57076001, 'CALI', null, null, null, null, '5711111111', null, '3001111111', null, null, null);
INSERT INTO public."UBICACION_USUARIO"("NIS", "TIPO_DOCUMENTO", "NUM_DOC_IDENTIDAD", "UBU_DIR_RESIDENCIA", "PAI_ID_RESIDENCIA", "PAI_NOMBRE_RESIDENCIA", "DPT_ID_RESIDENCIA", "DPT_NOMBRE_RESIDENCIA", "MPO_ID_RESIDENCIA", "MPO_NOMBRE_RESIDENCIA", "ZON_ID_RESIDENCIA", "ZON_NOMBRE_RESIDENCIA", "BAR_ID_RESIDENCIA", "BAR_NOMBRE_RESIDENCIA", "UBU_TEL_PRINCIPAL", "UBU_TEL_ALTERNATIVO", "UBU_TEL_MOVIL", "UBU_GRUPO_ETNICO", "UBU_VINCULACION_LABORAL", "UBU_INF_DIRECCION") VALUES (34559121, 'TI', '1107856949', ' ', 57, 'COLOMBIA', 57076, 'VALLE DEL CAUCA', 57076001, 'CALI', null, null, null, null, '5715049958', null, '3113069984', null, null, null);
INSERT INTO public."UBICACION_USUARIO"("NIS", "TIPO_DOCUMENTO", "NUM_DOC_IDENTIDAD", "UBU_DIR_RESIDENCIA", "PAI_ID_RESIDENCIA", "PAI_NOMBRE_RESIDENCIA", "DPT_ID_RESIDENCIA", "DPT_NOMBRE_RESIDENCIA", "MPO_ID_RESIDENCIA", "MPO_NOMBRE_RESIDENCIA", "ZON_ID_RESIDENCIA", "ZON_NOMBRE_RESIDENCIA", "BAR_ID_RESIDENCIA", "BAR_NOMBRE_RESIDENCIA", "UBU_TEL_PRINCIPAL", "UBU_TEL_ALTERNATIVO", "UBU_TEL_MOVIL", "UBU_GRUPO_ETNICO", "UBU_VINCULACION_LABORAL", "UBU_INF_DIRECCION") VALUES (34559125, 'TI', '1105373122', ' ', 57, 'COLOMBIA', 57076, 'VALLE DEL CAUCA', 57076001, 'CALI', null, null, null, null, '5714345482', null, '3125160957', null, null, null);
INSERT INTO public."UBICACION_USUARIO"("NIS", "TIPO_DOCUMENTO", "NUM_DOC_IDENTIDAD", "UBU_DIR_RESIDENCIA", "PAI_ID_RESIDENCIA", "PAI_NOMBRE_RESIDENCIA", "DPT_ID_RESIDENCIA", "DPT_NOMBRE_RESIDENCIA", "MPO_ID_RESIDENCIA", "MPO_NOMBRE_RESIDENCIA", "ZON_ID_RESIDENCIA", "ZON_NOMBRE_RESIDENCIA", "BAR_ID_RESIDENCIA", "BAR_NOMBRE_RESIDENCIA", "UBU_TEL_PRINCIPAL", "UBU_TEL_ALTERNATIVO", "UBU_TEL_MOVIL", "UBU_GRUPO_ETNICO", "UBU_VINCULACION_LABORAL", "UBU_INF_DIRECCION") VALUES (34559282, 'TI', '1109671022', ' ', 57, 'COLOMBIA', 57076, 'VALLE DEL CAUCA', 57076001, 'CALI', null, null, null, null, '5712347474', null, '3002347474', null, null, null);
INSERT INTO public."UBICACION_USUARIO"("NIS", "TIPO_DOCUMENTO", "NUM_DOC_IDENTIDAD", "UBU_DIR_RESIDENCIA", "PAI_ID_RESIDENCIA", "PAI_NOMBRE_RESIDENCIA", "DPT_ID_RESIDENCIA", "DPT_NOMBRE_RESIDENCIA", "MPO_ID_RESIDENCIA", "MPO_NOMBRE_RESIDENCIA", "ZON_ID_RESIDENCIA", "ZON_NOMBRE_RESIDENCIA", "BAR_ID_RESIDENCIA", "BAR_NOMBRE_RESIDENCIA", "UBU_TEL_PRINCIPAL", "UBU_TEL_ALTERNATIVO", "UBU_TEL_MOVIL", "UBU_GRUPO_ETNICO", "UBU_VINCULACION_LABORAL", "UBU_INF_DIRECCION") VALUES (34559296, 'TI', '1108335284', ' ', 57, 'COLOMBIA', 57076, 'VALLE DEL CAUCA', 57076001, 'CALI', null, null, null, null, '573165628228', null, null, null, null, null);
INSERT INTO public."UBICACION_USUARIO"("NIS", "TIPO_DOCUMENTO", "NUM_DOC_IDENTIDAD", "UBU_DIR_RESIDENCIA", "PAI_ID_RESIDENCIA", "PAI_NOMBRE_RESIDENCIA", "DPT_ID_RESIDENCIA", "DPT_NOMBRE_RESIDENCIA", "MPO_ID_RESIDENCIA", "MPO_NOMBRE_RESIDENCIA", "ZON_ID_RESIDENCIA", "ZON_NOMBRE_RESIDENCIA", "BAR_ID_RESIDENCIA", "BAR_NOMBRE_RESIDENCIA", "UBU_TEL_PRINCIPAL", "UBU_TEL_ALTERNATIVO", "UBU_TEL_MOVIL", "UBU_GRUPO_ETNICO", "UBU_VINCULACION_LABORAL", "UBU_INF_DIRECCION") VALUES (34832516, 'TI', '1114453574', ' ', 57, 'COLOMBIA', 57076, 'VALLE DEL CAUCA', 57076318, 'GUACARÍ', null, null, null, null, '573006214084', null, '3006214084', null, null, null);
INSERT INTO public."UBICACION_USUARIO"("NIS", "TIPO_DOCUMENTO", "NUM_DOC_IDENTIDAD", "UBU_DIR_RESIDENCIA", "PAI_ID_RESIDENCIA", "PAI_NOMBRE_RESIDENCIA", "DPT_ID_RESIDENCIA", "DPT_NOMBRE_RESIDENCIA", "MPO_ID_RESIDENCIA", "MPO_NOMBRE_RESIDENCIA", "ZON_ID_RESIDENCIA", "ZON_NOMBRE_RESIDENCIA", "BAR_ID_RESIDENCIA", "BAR_NOMBRE_RESIDENCIA", "UBU_TEL_PRINCIPAL", "UBU_TEL_ALTERNATIVO", "UBU_TEL_MOVIL", "UBU_GRUPO_ETNICO", "UBU_VINCULACION_LABORAL", "UBU_INF_DIRECCION") VALUES (34832683, 'TI', '1112154022', ' ', 57, 'COLOMBIA', 57076, 'VALLE DEL CAUCA', 57076318, 'GUACARÍ', null, null, null, null, '5778999999', null, '3004287294', null, null, null);
INSERT INTO public."UBICACION_USUARIO"("NIS", "TIPO_DOCUMENTO", "NUM_DOC_IDENTIDAD", "UBU_DIR_RESIDENCIA", "PAI_ID_RESIDENCIA", "PAI_NOMBRE_RESIDENCIA", "DPT_ID_RESIDENCIA", "DPT_NOMBRE_RESIDENCIA", "MPO_ID_RESIDENCIA", "MPO_NOMBRE_RESIDENCIA", "ZON_ID_RESIDENCIA", "ZON_NOMBRE_RESIDENCIA", "BAR_ID_RESIDENCIA", "BAR_NOMBRE_RESIDENCIA", "UBU_TEL_PRINCIPAL", "UBU_TEL_ALTERNATIVO", "UBU_TEL_MOVIL", "UBU_GRUPO_ETNICO", "UBU_VINCULACION_LABORAL", "UBU_INF_DIRECCION") VALUES (34832690, 'TI', '1112150196', ' ', 57, 'COLOMBIA', 57076, 'VALLE DEL CAUCA', 57076318, 'GUACARÍ', null, null, null, null, '573133734310', null, '3133734310', null, null, null);
INSERT INTO public."UBICACION_USUARIO"("NIS", "TIPO_DOCUMENTO", "NUM_DOC_IDENTIDAD", "UBU_DIR_RESIDENCIA", "PAI_ID_RESIDENCIA", "PAI_NOMBRE_RESIDENCIA", "DPT_ID_RESIDENCIA", "DPT_NOMBRE_RESIDENCIA", "MPO_ID_RESIDENCIA", "MPO_NOMBRE_RESIDENCIA", "ZON_ID_RESIDENCIA", "ZON_NOMBRE_RESIDENCIA", "BAR_ID_RESIDENCIA", "BAR_NOMBRE_RESIDENCIA", "UBU_TEL_PRINCIPAL", "UBU_TEL_ALTERNATIVO", "UBU_TEL_MOVIL", "UBU_GRUPO_ETNICO", "UBU_VINCULACION_LABORAL", "UBU_INF_DIRECCION") VALUES (34832691, 'TI', '1072661817', ' ', 57, 'COLOMBIA', 57076, 'VALLE DEL CAUCA', 57076318, 'GUACARÍ', null, null, null, null, '573187914976', null, '3187914976', null, null, null);
INSERT INTO public."UBICACION_USUARIO"("NIS", "TIPO_DOCUMENTO", "NUM_DOC_IDENTIDAD", "UBU_DIR_RESIDENCIA", "PAI_ID_RESIDENCIA", "PAI_NOMBRE_RESIDENCIA", "DPT_ID_RESIDENCIA", "DPT_NOMBRE_RESIDENCIA", "MPO_ID_RESIDENCIA", "MPO_NOMBRE_RESIDENCIA", "ZON_ID_RESIDENCIA", "ZON_NOMBRE_RESIDENCIA", "BAR_ID_RESIDENCIA", "BAR_NOMBRE_RESIDENCIA", "UBU_TEL_PRINCIPAL", "UBU_TEL_ALTERNATIVO", "UBU_TEL_MOVIL", "UBU_GRUPO_ETNICO", "UBU_VINCULACION_LABORAL", "UBU_INF_DIRECCION") VALUES (34832727, 'TI', '1114453118', ' ', 57, 'COLOMBIA', 57076, 'VALLE DEL CAUCA', 57076318, 'GUACARÍ', null, null, null, null, '573168149044', null, '3168149044', null, null, null);
INSERT INTO public."UBICACION_USUARIO"("NIS", "TIPO_DOCUMENTO", "NUM_DOC_IDENTIDAD", "UBU_DIR_RESIDENCIA", "PAI_ID_RESIDENCIA", "PAI_NOMBRE_RESIDENCIA", "DPT_ID_RESIDENCIA", "DPT_NOMBRE_RESIDENCIA", "MPO_ID_RESIDENCIA", "MPO_NOMBRE_RESIDENCIA", "ZON_ID_RESIDENCIA", "ZON_NOMBRE_RESIDENCIA", "BAR_ID_RESIDENCIA", "BAR_NOMBRE_RESIDENCIA", "UBU_TEL_PRINCIPAL", "UBU_TEL_ALTERNATIVO", "UBU_TEL_MOVIL", "UBU_GRUPO_ETNICO", "UBU_VINCULACION_LABORAL", "UBU_INF_DIRECCION") VALUES (34833219, 'TI', '1112154513', ' ', 57, 'COLOMBIA', 57076, 'VALLE DEL CAUCA', 57076318, 'GUACARÍ', null, null, null, null, '5714312786', null, '3007612344', null, null, null);
INSERT INTO public."UBICACION_USUARIO"("NIS", "TIPO_DOCUMENTO", "NUM_DOC_IDENTIDAD", "UBU_DIR_RESIDENCIA", "PAI_ID_RESIDENCIA", "PAI_NOMBRE_RESIDENCIA", "DPT_ID_RESIDENCIA", "DPT_NOMBRE_RESIDENCIA", "MPO_ID_RESIDENCIA", "MPO_NOMBRE_RESIDENCIA", "ZON_ID_RESIDENCIA", "ZON_NOMBRE_RESIDENCIA", "BAR_ID_RESIDENCIA", "BAR_NOMBRE_RESIDENCIA", "UBU_TEL_PRINCIPAL", "UBU_TEL_ALTERNATIVO", "UBU_TEL_MOVIL", "UBU_GRUPO_ETNICO", "UBU_VINCULACION_LABORAL", "UBU_INF_DIRECCION") VALUES (34836296, 'TI', '1114453461', ' ', 57, 'COLOMBIA', 57076, 'VALLE DEL CAUCA', 57076318, 'GUACARÍ', null, null, null, null, '573125064898', null, null, null, null, null);
INSERT INTO public."UBICACION_USUARIO"("NIS", "TIPO_DOCUMENTO", "NUM_DOC_IDENTIDAD", "UBU_DIR_RESIDENCIA", "PAI_ID_RESIDENCIA", "PAI_NOMBRE_RESIDENCIA", "DPT_ID_RESIDENCIA", "DPT_NOMBRE_RESIDENCIA", "MPO_ID_RESIDENCIA", "MPO_NOMBRE_RESIDENCIA", "ZON_ID_RESIDENCIA", "ZON_NOMBRE_RESIDENCIA", "BAR_ID_RESIDENCIA", "BAR_NOMBRE_RESIDENCIA", "UBU_TEL_PRINCIPAL", "UBU_TEL_ALTERNATIVO", "UBU_TEL_MOVIL", "UBU_GRUPO_ETNICO", "UBU_VINCULACION_LABORAL", "UBU_INF_DIRECCION") VALUES (34837477, 'TI', '1114453457', ' ', 57, 'COLOMBIA', 57076, 'VALLE DEL CAUCA', 57076318, 'GUACARÍ', null, null, null, null, '573167676134', null, '3167676134', null, null, null);
INSERT INTO public."UBICACION_USUARIO"("NIS", "TIPO_DOCUMENTO", "NUM_DOC_IDENTIDAD", "UBU_DIR_RESIDENCIA", "PAI_ID_RESIDENCIA", "PAI_NOMBRE_RESIDENCIA", "DPT_ID_RESIDENCIA", "DPT_NOMBRE_RESIDENCIA", "MPO_ID_RESIDENCIA", "MPO_NOMBRE_RESIDENCIA", "ZON_ID_RESIDENCIA", "ZON_NOMBRE_RESIDENCIA", "BAR_ID_RESIDENCIA", "BAR_NOMBRE_RESIDENCIA", "UBU_TEL_PRINCIPAL", "UBU_TEL_ALTERNATIVO", "UBU_TEL_MOVIL", "UBU_GRUPO_ETNICO", "UBU_VINCULACION_LABORAL", "UBU_INF_DIRECCION") VALUES (34838140, 'TI', '1112154416', ' ', 57, 'COLOMBIA', 57076, 'VALLE DEL CAUCA', 57076318, 'GUACARÍ', null, null, null, null, '573182711976', null, '3182711976', null, null, null);
INSERT INTO public."UBICACION_USUARIO"("NIS", "TIPO_DOCUMENTO", "NUM_DOC_IDENTIDAD", "UBU_DIR_RESIDENCIA", "PAI_ID_RESIDENCIA", "PAI_NOMBRE_RESIDENCIA", "DPT_ID_RESIDENCIA", "DPT_NOMBRE_RESIDENCIA", "MPO_ID_RESIDENCIA", "MPO_NOMBRE_RESIDENCIA", "ZON_ID_RESIDENCIA", "ZON_NOMBRE_RESIDENCIA", "BAR_ID_RESIDENCIA", "BAR_NOMBRE_RESIDENCIA", "UBU_TEL_PRINCIPAL", "UBU_TEL_ALTERNATIVO", "UBU_TEL_MOVIL", "UBU_GRUPO_ETNICO", "UBU_VINCULACION_LABORAL", "UBU_INF_DIRECCION") VALUES (34843057, 'TI', '1112957990', ' ', 57, 'COLOMBIA', 57076, 'VALLE DEL CAUCA', 57076318, 'GUACARÍ', null, null, null, null, '5715555555', null, '3005555555', null, null, null);
INSERT INTO public."UBICACION_USUARIO"("NIS", "TIPO_DOCUMENTO", "NUM_DOC_IDENTIDAD", "UBU_DIR_RESIDENCIA", "PAI_ID_RESIDENCIA", "PAI_NOMBRE_RESIDENCIA", "DPT_ID_RESIDENCIA", "DPT_NOMBRE_RESIDENCIA", "MPO_ID_RESIDENCIA", "MPO_NOMBRE_RESIDENCIA", "ZON_ID_RESIDENCIA", "ZON_NOMBRE_RESIDENCIA", "BAR_ID_RESIDENCIA", "BAR_NOMBRE_RESIDENCIA", "UBU_TEL_PRINCIPAL", "UBU_TEL_ALTERNATIVO", "UBU_TEL_MOVIL", "UBU_GRUPO_ETNICO", "UBU_VINCULACION_LABORAL", "UBU_INF_DIRECCION") VALUES (34855117, 'TI', '1111482153', ' ', 57, 'COLOMBIA', 57076, 'VALLE DEL CAUCA', 57076001, 'CALI', null, null, null, null, '573153526184', null, '3153526184', null, null, null);
INSERT INTO public."UBICACION_USUARIO"("NIS", "TIPO_DOCUMENTO", "NUM_DOC_IDENTIDAD", "UBU_DIR_RESIDENCIA", "PAI_ID_RESIDENCIA", "PAI_NOMBRE_RESIDENCIA", "DPT_ID_RESIDENCIA", "DPT_NOMBRE_RESIDENCIA", "MPO_ID_RESIDENCIA", "MPO_NOMBRE_RESIDENCIA", "ZON_ID_RESIDENCIA", "ZON_NOMBRE_RESIDENCIA", "BAR_ID_RESIDENCIA", "BAR_NOMBRE_RESIDENCIA", "UBU_TEL_PRINCIPAL", "UBU_TEL_ALTERNATIVO", "UBU_TEL_MOVIL", "UBU_GRUPO_ETNICO", "UBU_VINCULACION_LABORAL", "UBU_INF_DIRECCION") VALUES (34878177, 'TI', '1127616372', ' ', 57, 'COLOMBIA', 57076, 'VALLE DEL CAUCA', 57076318, 'GUACARÍ', null, null, null, null, '5718201289', null, '3137317368', null, null, null);
INSERT INTO public."UBICACION_USUARIO"("NIS", "TIPO_DOCUMENTO", "NUM_DOC_IDENTIDAD", "UBU_DIR_RESIDENCIA", "PAI_ID_RESIDENCIA", "PAI_NOMBRE_RESIDENCIA", "DPT_ID_RESIDENCIA", "DPT_NOMBRE_RESIDENCIA", "MPO_ID_RESIDENCIA", "MPO_NOMBRE_RESIDENCIA", "ZON_ID_RESIDENCIA", "ZON_NOMBRE_RESIDENCIA", "BAR_ID_RESIDENCIA", "BAR_NOMBRE_RESIDENCIA", "UBU_TEL_PRINCIPAL", "UBU_TEL_ALTERNATIVO", "UBU_TEL_MOVIL", "UBU_GRUPO_ETNICO", "UBU_VINCULACION_LABORAL", "UBU_INF_DIRECCION") VALUES (34878291, 'TI', '1127616373', ' ', 57, 'COLOMBIA', 57076, 'VALLE DEL CAUCA', 57076318, 'GUACARÍ', null, null, null, null, '573137893628', null, null, null, null, null);
INSERT INTO public."UBICACION_USUARIO"("NIS", "TIPO_DOCUMENTO", "NUM_DOC_IDENTIDAD", "UBU_DIR_RESIDENCIA", "PAI_ID_RESIDENCIA", "PAI_NOMBRE_RESIDENCIA", "DPT_ID_RESIDENCIA", "DPT_NOMBRE_RESIDENCIA", "MPO_ID_RESIDENCIA", "MPO_NOMBRE_RESIDENCIA", "ZON_ID_RESIDENCIA", "ZON_NOMBRE_RESIDENCIA", "BAR_ID_RESIDENCIA", "BAR_NOMBRE_RESIDENCIA", "UBU_TEL_PRINCIPAL", "UBU_TEL_ALTERNATIVO", "UBU_TEL_MOVIL", "UBU_GRUPO_ETNICO", "UBU_VINCULACION_LABORAL", "UBU_INF_DIRECCION") VALUES (34886680, 'TI', '1114820327', ' ', 57, 'COLOMBIA', 57076, 'VALLE DEL CAUCA', 57076318, 'GUACARÍ', null, null, null, null, '5714144141', null, null, null, null, null);
INSERT INTO public."UBICACION_USUARIO"("NIS", "TIPO_DOCUMENTO", "NUM_DOC_IDENTIDAD", "UBU_DIR_RESIDENCIA", "PAI_ID_RESIDENCIA", "PAI_NOMBRE_RESIDENCIA", "DPT_ID_RESIDENCIA", "DPT_NOMBRE_RESIDENCIA", "MPO_ID_RESIDENCIA", "MPO_NOMBRE_RESIDENCIA", "ZON_ID_RESIDENCIA", "ZON_NOMBRE_RESIDENCIA", "BAR_ID_RESIDENCIA", "BAR_NOMBRE_RESIDENCIA", "UBU_TEL_PRINCIPAL", "UBU_TEL_ALTERNATIVO", "UBU_TEL_MOVIL", "UBU_GRUPO_ETNICO", "UBU_VINCULACION_LABORAL", "UBU_INF_DIRECCION") VALUES (34887981, 'TI', '1115452617', ' ', 57, 'COLOMBIA', 57076, 'VALLE DEL CAUCA', 57076001, 'CALI', null, null, null, null, '573137423080', null, '3137423080', null, null, null);
INSERT INTO public."UBICACION_USUARIO"("NIS", "TIPO_DOCUMENTO", "NUM_DOC_IDENTIDAD", "UBU_DIR_RESIDENCIA", "PAI_ID_RESIDENCIA", "PAI_NOMBRE_RESIDENCIA", "DPT_ID_RESIDENCIA", "DPT_NOMBRE_RESIDENCIA", "MPO_ID_RESIDENCIA", "MPO_NOMBRE_RESIDENCIA", "ZON_ID_RESIDENCIA", "ZON_NOMBRE_RESIDENCIA", "BAR_ID_RESIDENCIA", "BAR_NOMBRE_RESIDENCIA", "UBU_TEL_PRINCIPAL", "UBU_TEL_ALTERNATIVO", "UBU_TEL_MOVIL", "UBU_GRUPO_ETNICO", "UBU_VINCULACION_LABORAL", "UBU_INF_DIRECCION") VALUES (34911217, 'PPT', '6173393', ' ', 57, 'COLOMBIA', 57076, 'VALLE DEL CAUCA', 57076001, 'CALI', null, null, null, null, '5717000000', null, '3117329492', null, null, null);





INSERT INTO public."LINEA_TECNOLOGICA"("LTC_ID", "LTC_NOMBRE", "LTC_DESCRIPCION")
VALUES (1, 'TECNOLOGÍAS DE LA INFORMACIÓN Y LAS COMUNICACIONES  GESTIÓN DE LA INFORMACIÓN', 'Las tecnologías de la información y la comunicación son un conjunto de servicios, redes, software, aparatos que tienen como fin la mejora de la calidad de vida de las personas dentro de un entorno. Se asocian a ésta línea tecnológica las tecnologías de hardware y automatización, los componentes electrónicos y subconjuntos funcionales, las tecnologías de la información y las comunicaciones, el diseño y desarrollo de software, de accesibilidad y las competencias bilingües.');

INSERT INTO public."LINEA_TECNOLOGICA"("LTC_ID", "LTC_NOMBRE", "LTC_DESCRIPCION")
VALUES (2, 'DISEÑO', 'El diseño se define como el proceso previo de configuración mental "pre-figuración" en la búsqueda de una solución en cualquier campo. Es utilizado habitualmente en el contexto de las artes aplicadas, ingenierías y otras disciplinas creativas. Se asocian a esta línea tecnológica las tecnologías de diseño de máquinas y equipos eléctricos automatizados, diseño de productos textiles, diseño de modas, diseño de procesos, diseño de sistemas constructivos y diseño de joyas.');

INSERT INTO public."LINEA_TECNOLOGICA"("LTC_ID", "LTC_NOMBRE", "LTC_DESCRIPCION")
VALUES (3, 'PRODUCCIÓN Y TRANSFORMACIÓN', 'Comprende la creación y procesamiento/prestación de bienes/servicios, incluida su concepción, procesamiento y transformación en las diversas etapas. Esta línea tecnológica abarca tecnologías agrícolas, pecuarias, agroalimentarias pos-cosecha, de gestión agropecuaria, en cría, explotación agropecuaria, mercadeo, ventas y comercialización, mantenimiento predictivo, preventivo y correctivo, tecnologías de producción industrial, de procesos y sistemas constructivos, de producción limpia, bio-combustibles, energías no renovables, energía eléctrica, de explotación y transformación de minerales, producción de servicios turísticos, de salud, gestión administrativa, administrativas, contables y financieras.');

INSERT INTO public."LINEA_TECNOLOGICA"("LTC_ID", "LTC_NOMBRE", "LTC_DESCRIPCION")
VALUES (4, 'MATERIALES HERRAMIENTAS', 'La línea de materiales y herramientas se refiere a los recursos utilizados en la alimentación de un proceso productivo, esto es, los factores de producción, y a los objetos (equipos, dispositivos, mecanismos) utilizados a fin de facilitar la realización de dicho proceso. A esta línea tecnológica están asociadas las tecnologías de materiales para la industria, la construcción; así como la biotecnología animal, industrial de alimentos y la vegetal.');

INSERT INTO public."LINEA_TECNOLOGICA"("LTC_ID", "LTC_NOMBRE", "LTC_DESCRIPCION")
VALUES (5, 'CLIENTE', 'La tecnología orientada al cliente comprende todas las actividades asociadas de la cadena de producción y o provisión de un servicio, que comprometen los procesos que tienen efecto directo en los consumidores finales o intermedios. Esta línea tecnológica abarca las tecnologías asociadas con la investigación, planeación y desarrollo de mercados y medios de la comunicación comercial, la logística industrial, portuaria y comercial, la distribución física internacional, las tecnologías relacionadas con el transporte multi-modal y el comercial marítimo.');




INSERT INTO public."V_PERSONA_B" ("NIS", "TIPO_DOCUMENTO", "NUM_DOC_IDENTIDAD", "PER_NOMBRE", "PER_PRIMER_APELLIDO", "PER_SEGUNDO_APELLIDO", "PER_CORREO_E", "MPO_NOMBRE_RESIDENCIA", "PAI_NOMBRE_RESIDENCIA", "DPT_NOMBRE_RESIDENCIA", "UBU_TEL_PRINCIPAL", "UBU_TEL_MOVIL", "UBU_DIR_RESIDENCIA", "DBU_FCH_NACIMIENTO", "DBU_GENERO", "MPO_ID_RESIDENCIA", "MUM_RESIDENCIA", "DBU_ESTRATO", "DBU_ESTADO_CIVIL", "DBU_AFILIADO_EPS", "DBU_EPS") VALUES (34543493, 'TI', '1108336473', 'BRITANY DANIELA', 'RAMIREZ', 'SANCHEZ', '@', 'CALI', 'COLOMBIA', 'VALLE DEL CAUCA', '573115962057', null, ' ', DATE '2008-09-07', 'Femenino', 57076001, 'CALI', 1, 'No Ingresado', null, null);
INSERT INTO public."V_PERSONA_B" ("NIS", "TIPO_DOCUMENTO", "NUM_DOC_IDENTIDAD", "PER_NOMBRE", "PER_PRIMER_APELLIDO", "PER_SEGUNDO_APELLIDO", "PER_CORREO_E", "MPO_NOMBRE_RESIDENCIA", "PAI_NOMBRE_RESIDENCIA", "DPT_NOMBRE_RESIDENCIA", "UBU_TEL_PRINCIPAL", "UBU_TEL_MOVIL", "UBU_DIR_RESIDENCIA", "DBU_FCH_NACIMIENTO", "DBU_GENERO", "MPO_ID_RESIDENCIA", "MUM_RESIDENCIA", "DBU_ESTRATO", "DBU_ESTADO_CIVIL", "DBU_AFILIADO_EPS", "DBU_EPS") VALUES (34878291, 'TI', '1127616373', 'LERWIN MOISES', 'CAICEDO', 'GALLARDO', '@', 'GUACARÍ', 'COLOMBIA', 'VALLE DEL CAUCA', '573137893628', null, ' ', DATE '2008-10-11', 'Masculino', 57076318, 'GUACARÍ', 2, 'Indiferente', null, null);
INSERT INTO public."V_PERSONA_B" ("NIS", "TIPO_DOCUMENTO", "NUM_DOC_IDENTIDAD", "PER_NOMBRE", "PER_PRIMER_APELLIDO", "PER_SEGUNDO_APELLIDO", "PER_CORREO_E", "MPO_NOMBRE_RESIDENCIA", "PAI_NOMBRE_RESIDENCIA", "DPT_NOMBRE_RESIDENCIA", "UBU_TEL_PRINCIPAL", "UBU_TEL_MOVIL", "UBU_DIR_RESIDENCIA", "DBU_FCH_NACIMIENTO", "DBU_GENERO", "MPO_ID_RESIDENCIA", "MUM_RESIDENCIA", "DBU_ESTRATO", "DBU_ESTADO_CIVIL", "DBU_AFILIADO_EPS", "DBU_EPS") VALUES (34837477, 'TI', '1114453457', 'SHAROL DAIANA', 'JARAMILLO', 'MOMPOTES', '@', 'GUACARÍ', 'COLOMBIA', 'VALLE DEL CAUCA', '573167676134', '3167676134', ' ', DATE '2008-12-24', 'Femenino', 57076318, 'GUACARÍ', 1, 'No Ingresado', null, null);
INSERT INTO public."V_PERSONA_B" ("NIS", "TIPO_DOCUMENTO", "NUM_DOC_IDENTIDAD", "PER_NOMBRE", "PER_PRIMER_APELLIDO", "PER_SEGUNDO_APELLIDO", "PER_CORREO_E", "MPO_NOMBRE_RESIDENCIA", "PAI_NOMBRE_RESIDENCIA", "DPT_NOMBRE_RESIDENCIA", "UBU_TEL_PRINCIPAL", "UBU_TEL_MOVIL", "UBU_DIR_RESIDENCIA", "DBU_FCH_NACIMIENTO", "DBU_GENERO", "MPO_ID_RESIDENCIA", "MUM_RESIDENCIA", "DBU_ESTRATO", "DBU_ESTADO_CIVIL", "DBU_AFILIADO_EPS", "DBU_EPS") VALUES (33099513, 'TI', '1112153079', 'SAMIR ANDRES', 'JIMENEZ', 'DOMINGUEZ', '@', 'GUACARÍ', 'COLOMBIA', 'VALLE DEL CAUCA', '573052615409', '3052615409', ' ', DATE '2008-09-14', 'Masculino', 57076318, 'GUACARÍ', 1, 'No Ingresado', null, null);
INSERT INTO public."V_PERSONA_B" ("NIS", "TIPO_DOCUMENTO", "NUM_DOC_IDENTIDAD", "PER_NOMBRE", "PER_PRIMER_APELLIDO", "PER_SEGUNDO_APELLIDO", "PER_CORREO_E", "MPO_NOMBRE_RESIDENCIA", "PAI_NOMBRE_RESIDENCIA", "DPT_NOMBRE_RESIDENCIA", "UBU_TEL_PRINCIPAL", "UBU_TEL_MOVIL", "UBU_DIR_RESIDENCIA", "DBU_FCH_NACIMIENTO", "DBU_GENERO", "MPO_ID_RESIDENCIA", "MUM_RESIDENCIA", "DBU_ESTRATO", "DBU_ESTADO_CIVIL", "DBU_AFILIADO_EPS", "DBU_EPS") VALUES (34540901, 'TI', '1109670052', 'SOFIA', 'COLLAZOS', 'VARGAS', '@', 'CALI', 'COLOMBIA', 'VALLE DEL CAUCA', '573123280810', null, ' ', DATE '2008-11-26', 'Femenino', 57076001, 'CALI', 1, 'No Ingresado', null, null);
INSERT INTO public."V_PERSONA_B" ("NIS", "TIPO_DOCUMENTO", "NUM_DOC_IDENTIDAD", "PER_NOMBRE", "PER_PRIMER_APELLIDO", "PER_SEGUNDO_APELLIDO", "PER_CORREO_E", "MPO_NOMBRE_RESIDENCIA", "PAI_NOMBRE_RESIDENCIA", "DPT_NOMBRE_RESIDENCIA", "UBU_TEL_PRINCIPAL", "UBU_TEL_MOVIL", "UBU_DIR_RESIDENCIA", "DBU_FCH_NACIMIENTO", "DBU_GENERO", "MPO_ID_RESIDENCIA", "MUM_RESIDENCIA", "DBU_ESTRATO", "DBU_ESTADO_CIVIL", "DBU_AFILIADO_EPS", "DBU_EPS") VALUES (34539036, 'TI', '1110042851', 'VALENTINA', 'PEREZ', 'BELLIDO', '@', 'CALI', 'COLOMBIA', 'VALLE DEL CAUCA', '5714763795', '3202466112', ' ', DATE '2007-05-16', 'Femenino', 57076001, 'CALI', 1, 'No Ingresado', null, null);
INSERT INTO public."V_PERSONA_B" ("NIS", "TIPO_DOCUMENTO", "NUM_DOC_IDENTIDAD", "PER_NOMBRE", "PER_PRIMER_APELLIDO", "PER_SEGUNDO_APELLIDO", "PER_CORREO_E", "MPO_NOMBRE_RESIDENCIA", "PAI_NOMBRE_RESIDENCIA", "DPT_NOMBRE_RESIDENCIA", "UBU_TEL_PRINCIPAL", "UBU_TEL_MOVIL", "UBU_DIR_RESIDENCIA", "DBU_FCH_NACIMIENTO", "DBU_GENERO", "MPO_ID_RESIDENCIA", "MUM_RESIDENCIA", "DBU_ESTRATO", "DBU_ESTADO_CIVIL", "DBU_AFILIADO_EPS", "DBU_EPS") VALUES (32761414, 'TI', '1107857817', 'MARIA CAMILA', 'ROJAS', 'MORENO', '@', 'CALI', 'COLOMBIA', 'VALLE DEL CAUCA', '5754158905', '3006324733', ' ', DATE '2009-09-02', 'Femenino', 57076001, 'CALI', 2, 'No Ingresado', 'SI', 'Red Salud');
INSERT INTO public."V_PERSONA_B" ("NIS", "TIPO_DOCUMENTO", "NUM_DOC_IDENTIDAD", "PER_NOMBRE", "PER_PRIMER_APELLIDO", "PER_SEGUNDO_APELLIDO", "PER_CORREO_E", "MPO_NOMBRE_RESIDENCIA", "PAI_NOMBRE_RESIDENCIA", "DPT_NOMBRE_RESIDENCIA", "UBU_TEL_PRINCIPAL", "UBU_TEL_MOVIL", "UBU_DIR_RESIDENCIA", "DBU_FCH_NACIMIENTO", "DBU_GENERO", "MPO_ID_RESIDENCIA", "MUM_RESIDENCIA", "DBU_ESTRATO", "DBU_ESTADO_CIVIL", "DBU_AFILIADO_EPS", "DBU_EPS") VALUES (34878177, 'TI', '1127616372', 'WUINLER MOISES', 'CAICEDO', 'GALLARDO', '@', 'GUACARÍ', 'COLOMBIA', 'VALLE DEL CAUCA', '5718201289', '3137317368', ' ', DATE '2008-10-11', 'Masculino', 57076318, 'GUACARÍ', 2, 'No Ingresado', null, null);
INSERT INTO public."V_PERSONA_B" ("NIS", "TIPO_DOCUMENTO", "NUM_DOC_IDENTIDAD", "PER_NOMBRE", "PER_PRIMER_APELLIDO", "PER_SEGUNDO_APELLIDO", "PER_CORREO_E", "MPO_NOMBRE_RESIDENCIA", "PAI_NOMBRE_RESIDENCIA", "DPT_NOMBRE_RESIDENCIA", "UBU_TEL_PRINCIPAL", "UBU_TEL_MOVIL", "UBU_DIR_RESIDENCIA", "DBU_FCH_NACIMIENTO", "DBU_GENERO", "MPO_ID_RESIDENCIA", "MUM_RESIDENCIA", "DBU_ESTRATO", "DBU_ESTADO_CIVIL", "DBU_AFILIADO_EPS", "DBU_EPS") VALUES (34843057, 'TI', '1112957990', 'KAROL DAYANA', 'BERMUDEZ', 'AGUIRRE', '@', 'GUACARÍ', 'COLOMBIA', 'VALLE DEL CAUCA', '5715555555', '3005555555', ' ', DATE '2007-02-21', 'Femenino', 57076318, 'GUACARÍ', 2, 'No Ingresado', null, null);
INSERT INTO public."V_PERSONA_B" ("NIS", "TIPO_DOCUMENTO", "NUM_DOC_IDENTIDAD", "PER_NOMBRE", "PER_PRIMER_APELLIDO", "PER_SEGUNDO_APELLIDO", "PER_CORREO_E", "MPO_NOMBRE_RESIDENCIA", "PAI_NOMBRE_RESIDENCIA", "DPT_NOMBRE_RESIDENCIA", "UBU_TEL_PRINCIPAL", "UBU_TEL_MOVIL", "UBU_DIR_RESIDENCIA", "DBU_FCH_NACIMIENTO", "DBU_GENERO", "MPO_ID_RESIDENCIA", "MUM_RESIDENCIA", "DBU_ESTRATO", "DBU_ESTADO_CIVIL", "DBU_AFILIADO_EPS", "DBU_EPS") VALUES (34559282, 'TI', '1109671022', 'MELANY', 'ESCOBAR', 'GAMEZ', '@', 'CALI', 'COLOMBIA', 'VALLE DEL CAUCA', '5712347474', '3002347474', ' ', DATE '2009-05-28', 'Femenino', 57076001, 'CALI', 2, 'Indiferente', null, null);
INSERT INTO public."V_PERSONA_B" ("NIS", "TIPO_DOCUMENTO", "NUM_DOC_IDENTIDAD", "PER_NOMBRE", "PER_PRIMER_APELLIDO", "PER_SEGUNDO_APELLIDO", "PER_CORREO_E", "MPO_NOMBRE_RESIDENCIA", "PAI_NOMBRE_RESIDENCIA", "DPT_NOMBRE_RESIDENCIA", "UBU_TEL_PRINCIPAL", "UBU_TEL_MOVIL", "UBU_DIR_RESIDENCIA", "DBU_FCH_NACIMIENTO", "DBU_GENERO", "MPO_ID_RESIDENCIA", "MUM_RESIDENCIA", "DBU_ESTRATO", "DBU_ESTADO_CIVIL", "DBU_AFILIADO_EPS", "DBU_EPS") VALUES (34559118, 'TI', '1109668525', 'CATALINA', 'MUNAR', 'MOSQUERA', '@', 'CALI', 'COLOMBIA', 'VALLE DEL CAUCA', '5711111111', '3001111111', ' ', DATE '2008-02-01', 'Femenino', 57076001, 'CALI', 2, 'No Ingresado', null, null);
INSERT INTO public."V_PERSONA_B" ("NIS", "TIPO_DOCUMENTO", "NUM_DOC_IDENTIDAD", "PER_NOMBRE", "PER_PRIMER_APELLIDO", "PER_SEGUNDO_APELLIDO", "PER_CORREO_E", "MPO_NOMBRE_RESIDENCIA", "PAI_NOMBRE_RESIDENCIA", "DPT_NOMBRE_RESIDENCIA", "UBU_TEL_PRINCIPAL", "UBU_TEL_MOVIL", "UBU_DIR_RESIDENCIA", "DBU_FCH_NACIMIENTO", "DBU_GENERO", "MPO_ID_RESIDENCIA", "MUM_RESIDENCIA", "DBU_ESTRATO", "DBU_ESTADO_CIVIL", "DBU_AFILIADO_EPS", "DBU_EPS") VALUES (34541321, 'TI', '1111483057', 'JUAN JOSE', 'MONTES', 'ARANA', '@', 'CALI', 'COLOMBIA', 'VALLE DEL CAUCA', '571222222222', '3002222222', ' ', DATE '2009-01-17', 'Masculino', 57076001, 'CALI', 1, 'No Ingresado', null, null);
INSERT INTO public."V_PERSONA_B" ("NIS", "TIPO_DOCUMENTO", "NUM_DOC_IDENTIDAD", "PER_NOMBRE", "PER_PRIMER_APELLIDO", "PER_SEGUNDO_APELLIDO", "PER_CORREO_E", "MPO_NOMBRE_RESIDENCIA", "PAI_NOMBRE_RESIDENCIA", "DPT_NOMBRE_RESIDENCIA", "UBU_TEL_PRINCIPAL", "UBU_TEL_MOVIL", "UBU_DIR_RESIDENCIA", "DBU_FCH_NACIMIENTO", "DBU_GENERO", "MPO_ID_RESIDENCIA", "MUM_RESIDENCIA", "DBU_ESTRATO", "DBU_ESTADO_CIVIL", "DBU_AFILIADO_EPS", "DBU_EPS") VALUES (34540899, 'TI', '1107855455', 'NIKOL ANDREA', 'GOMEZ', 'ANGULO', '@', 'CALI', 'COLOMBIA', 'VALLE DEL CAUCA', '573008784695', '3008784695', ' ', DATE '2009-02-20', 'Masculino', 57076001, 'CALI', 1, 'Soltero', null, null);
INSERT INTO public."V_PERSONA_B" ("NIS", "TIPO_DOCUMENTO", "NUM_DOC_IDENTIDAD", "PER_NOMBRE", "PER_PRIMER_APELLIDO", "PER_SEGUNDO_APELLIDO", "PER_CORREO_E", "MPO_NOMBRE_RESIDENCIA", "PAI_NOMBRE_RESIDENCIA", "DPT_NOMBRE_RESIDENCIA", "UBU_TEL_PRINCIPAL", "UBU_TEL_MOVIL", "UBU_DIR_RESIDENCIA", "DBU_FCH_NACIMIENTO", "DBU_GENERO", "MPO_ID_RESIDENCIA", "MUM_RESIDENCIA", "DBU_ESTRATO", "DBU_ESTADO_CIVIL", "DBU_AFILIADO_EPS", "DBU_EPS") VALUES (34539029, 'TI', '1107066562', 'JUAN FELIPE', 'GOMEZ', 'ALVAREZ', '@', 'CALI', 'COLOMBIA', 'VALLE DEL CAUCA', '5718603456', '3001234567', ' ', DATE '2009-07-18', 'Masculino', 57076001, 'CALI', 1, 'No Ingresado', null, null);
INSERT INTO public."V_PERSONA_B" ("NIS", "TIPO_DOCUMENTO", "NUM_DOC_IDENTIDAD", "PER_NOMBRE", "PER_PRIMER_APELLIDO", "PER_SEGUNDO_APELLIDO", "PER_CORREO_E", "MPO_NOMBRE_RESIDENCIA", "PAI_NOMBRE_RESIDENCIA", "DPT_NOMBRE_RESIDENCIA", "UBU_TEL_PRINCIPAL", "UBU_TEL_MOVIL", "UBU_DIR_RESIDENCIA", "DBU_FCH_NACIMIENTO", "DBU_GENERO", "MPO_ID_RESIDENCIA", "MUM_RESIDENCIA", "DBU_ESTRATO", "DBU_ESTADO_CIVIL", "DBU_AFILIADO_EPS", "DBU_EPS") VALUES (34832516, 'TI', '1114453574', 'ANDERSON', 'DOMÍNGUEZ', 'TINTINAGO', '@', 'GUACARÍ', 'COLOMBIA', 'VALLE DEL CAUCA', '573006214084', '3006214084', ' ', DATE '2009-02-12', 'Masculino', 57076318, 'GUACARÍ', 2, 'No Ingresado', null, null);
INSERT INTO public."V_PERSONA_B" ("NIS", "TIPO_DOCUMENTO", "NUM_DOC_IDENTIDAD", "PER_NOMBRE", "PER_PRIMER_APELLIDO", "PER_SEGUNDO_APELLIDO", "PER_CORREO_E", "MPO_NOMBRE_RESIDENCIA", "PAI_NOMBRE_RESIDENCIA", "DPT_NOMBRE_RESIDENCIA", "UBU_TEL_PRINCIPAL", "UBU_TEL_MOVIL", "UBU_DIR_RESIDENCIA", "DBU_FCH_NACIMIENTO", "DBU_GENERO", "MPO_ID_RESIDENCIA", "MUM_RESIDENCIA", "DBU_ESTRATO", "DBU_ESTADO_CIVIL", "DBU_AFILIADO_EPS", "DBU_EPS") VALUES (34911217, 'PPT', '6173393', 'MAYKOL DANIEL', 'FRAGOZA', 'SANCHEZ', '@', 'CALI', 'COLOMBIA', 'VALLE DEL CAUCA', '5717000000', '3117329492', ' ', DATE '2007-02-15', 'Masculino', 57076001, 'CALI', 1, 'No Ingresado', null, null);
INSERT INTO public."V_PERSONA_B" ("NIS", "TIPO_DOCUMENTO", "NUM_DOC_IDENTIDAD", "PER_NOMBRE", "PER_PRIMER_APELLIDO", "PER_SEGUNDO_APELLIDO", "PER_CORREO_E", "MPO_NOMBRE_RESIDENCIA", "PAI_NOMBRE_RESIDENCIA", "DPT_NOMBRE_RESIDENCIA", "UBU_TEL_PRINCIPAL", "UBU_TEL_MOVIL", "UBU_DIR_RESIDENCIA", "DBU_FCH_NACIMIENTO", "DBU_GENERO", "MPO_ID_RESIDENCIA", "MUM_RESIDENCIA", "DBU_ESTRATO", "DBU_ESTADO_CIVIL", "DBU_AFILIADO_EPS", "DBU_EPS") VALUES (34559125, 'TI', '1105373122', 'SANTIAGO', 'VEGA', 'SANCHEZ', '@', 'CALI', 'COLOMBIA', 'VALLE DEL CAUCA', '5714345482', '3125160957', ' ', DATE '2008-06-22', 'Masculino', 57076001, 'CALI', 3, 'Soltero', null, null);
INSERT INTO public."V_PERSONA_B" ("NIS", "TIPO_DOCUMENTO", "NUM_DOC_IDENTIDAD", "PER_NOMBRE", "PER_PRIMER_APELLIDO", "PER_SEGUNDO_APELLIDO", "PER_CORREO_E", "MPO_NOMBRE_RESIDENCIA", "PAI_NOMBRE_RESIDENCIA", "DPT_NOMBRE_RESIDENCIA", "UBU_TEL_PRINCIPAL", "UBU_TEL_MOVIL", "UBU_DIR_RESIDENCIA", "DBU_FCH_NACIMIENTO", "DBU_GENERO", "MPO_ID_RESIDENCIA", "MUM_RESIDENCIA", "DBU_ESTRATO", "DBU_ESTADO_CIVIL", "DBU_AFILIADO_EPS", "DBU_EPS") VALUES (34540450, 'TI', '1075797597', 'NICY YIRETH', 'SANCHEZ', 'URQUIJO', '@', 'CALI', 'COLOMBIA', 'VALLE DEL CAUCA', '573206790979', '3206790979', ' ', DATE '2009-04-29', 'Femenino', 57076001, 'CALI', 1, 'No Ingresado', null, null);
INSERT INTO public."V_PERSONA_B" ("NIS", "TIPO_DOCUMENTO", "NUM_DOC_IDENTIDAD", "PER_NOMBRE", "PER_PRIMER_APELLIDO", "PER_SEGUNDO_APELLIDO", "PER_CORREO_E", "MPO_NOMBRE_RESIDENCIA", "PAI_NOMBRE_RESIDENCIA", "DPT_NOMBRE_RESIDENCIA", "UBU_TEL_PRINCIPAL", "UBU_TEL_MOVIL", "UBU_DIR_RESIDENCIA", "DBU_FCH_NACIMIENTO", "DBU_GENERO", "MPO_ID_RESIDENCIA", "MUM_RESIDENCIA", "DBU_ESTRATO", "DBU_ESTADO_CIVIL", "DBU_AFILIADO_EPS", "DBU_EPS") VALUES (34539038, 'TI', '1113701468', 'VALERY NICOL', 'CARDENAS', null, '@', 'CALI', 'COLOMBIA', 'VALLE DEL CAUCA', '573152393572', '3152393572', ' ', DATE '2008-03-14', 'Femenino', 57076001, 'CALI', 1, 'Indiferente', null, null);
INSERT INTO public."V_PERSONA_B" ("NIS", "TIPO_DOCUMENTO", "NUM_DOC_IDENTIDAD", "PER_NOMBRE", "PER_PRIMER_APELLIDO", "PER_SEGUNDO_APELLIDO", "PER_CORREO_E", "MPO_NOMBRE_RESIDENCIA", "PAI_NOMBRE_RESIDENCIA", "DPT_NOMBRE_RESIDENCIA", "UBU_TEL_PRINCIPAL", "UBU_TEL_MOVIL", "UBU_DIR_RESIDENCIA", "DBU_FCH_NACIMIENTO", "DBU_GENERO", "MPO_ID_RESIDENCIA", "MUM_RESIDENCIA", "DBU_ESTRATO", "DBU_ESTADO_CIVIL", "DBU_AFILIADO_EPS", "DBU_EPS") VALUES (34539030, 'TI', '1109669646', 'LAURA SOFIA', 'URIBE', 'GAMBOA', '@', 'CALI', 'COLOMBIA', 'VALLE DEL CAUCA', '573104541969', '3104541969', ' ', DATE '2008-09-16', 'Femenino', 57076001, 'CALI', 1, 'No Ingresado', null, null);
INSERT INTO public."V_PERSONA_B" ("NIS", "TIPO_DOCUMENTO", "NUM_DOC_IDENTIDAD", "PER_NOMBRE", "PER_PRIMER_APELLIDO", "PER_SEGUNDO_APELLIDO", "PER_CORREO_E", "MPO_NOMBRE_RESIDENCIA", "PAI_NOMBRE_RESIDENCIA", "DPT_NOMBRE_RESIDENCIA", "UBU_TEL_PRINCIPAL", "UBU_TEL_MOVIL", "UBU_DIR_RESIDENCIA", "DBU_FCH_NACIMIENTO", "DBU_GENERO", "MPO_ID_RESIDENCIA", "MUM_RESIDENCIA", "DBU_ESTRATO", "DBU_ESTADO_CIVIL", "DBU_AFILIADO_EPS", "DBU_EPS") VALUES (33058462, 'TI', '1110370601', 'CAMILA', 'RENTERIA', 'GUTIERREZ', '@', 'CALI', 'COLOMBIA', 'VALLE DEL CAUCA', '573205552578', '3146279658', ' ', DATE '2008-11-16', 'Femenino', 57076001, 'CALI', 3, 'No Ingresado', null, null);
INSERT INTO public."V_PERSONA_B" ("NIS", "TIPO_DOCUMENTO", "NUM_DOC_IDENTIDAD", "PER_NOMBRE", "PER_PRIMER_APELLIDO", "PER_SEGUNDO_APELLIDO", "PER_CORREO_E", "MPO_NOMBRE_RESIDENCIA", "PAI_NOMBRE_RESIDENCIA", "DPT_NOMBRE_RESIDENCIA", "UBU_TEL_PRINCIPAL", "UBU_TEL_MOVIL", "UBU_DIR_RESIDENCIA", "DBU_FCH_NACIMIENTO", "DBU_GENERO", "MPO_ID_RESIDENCIA", "MUM_RESIDENCIA", "DBU_ESTRATO", "DBU_ESTADO_CIVIL", "DBU_AFILIADO_EPS", "DBU_EPS") VALUES (34886680, 'TI', '1114820327', 'JUAN JOSE', 'FAJARDO', 'PLAZA', '@', 'GUACARÍ', 'COLOMBIA', 'VALLE DEL CAUCA', '5714144141', null, ' ', DATE '2007-08-17', 'Masculino', 57076318, 'GUACARÍ', 1, 'No Ingresado', null, null);
INSERT INTO public."V_PERSONA_B" ("NIS", "TIPO_DOCUMENTO", "NUM_DOC_IDENTIDAD", "PER_NOMBRE", "PER_PRIMER_APELLIDO", "PER_SEGUNDO_APELLIDO", "PER_CORREO_E", "MPO_NOMBRE_RESIDENCIA", "PAI_NOMBRE_RESIDENCIA", "DPT_NOMBRE_RESIDENCIA", "UBU_TEL_PRINCIPAL", "UBU_TEL_MOVIL", "UBU_DIR_RESIDENCIA", "DBU_FCH_NACIMIENTO", "DBU_GENERO", "MPO_ID_RESIDENCIA", "MUM_RESIDENCIA", "DBU_ESTRATO", "DBU_ESTADO_CIVIL", "DBU_AFILIADO_EPS", "DBU_EPS") VALUES (34833219, 'TI', '1112154513', 'NICOLE DAYANA', 'LENIS', 'CANDELA', '@', 'GUACARÍ', 'COLOMBIA', 'VALLE DEL CAUCA', '5714312786', '3007612344', ' ', DATE '2009-08-26', 'Femenino', 57076318, 'GUACARÍ', 1, 'No Ingresado', null, null);
INSERT INTO public."V_PERSONA_B" ("NIS", "TIPO_DOCUMENTO", "NUM_DOC_IDENTIDAD", "PER_NOMBRE", "PER_PRIMER_APELLIDO", "PER_SEGUNDO_APELLIDO", "PER_CORREO_E", "MPO_NOMBRE_RESIDENCIA", "PAI_NOMBRE_RESIDENCIA", "DPT_NOMBRE_RESIDENCIA", "UBU_TEL_PRINCIPAL", "UBU_TEL_MOVIL", "UBU_DIR_RESIDENCIA", "DBU_FCH_NACIMIENTO", "DBU_GENERO", "MPO_ID_RESIDENCIA", "MUM_RESIDENCIA", "DBU_ESTRATO", "DBU_ESTADO_CIVIL", "DBU_AFILIADO_EPS", "DBU_EPS") VALUES (34559101, 'TI', '1109547057', 'DUVAN ESTEBAN', 'VILLEGAS', 'MURILLO', '@', 'CALI', 'COLOMBIA', 'VALLE DEL CAUCA', '5721791705', '3011791705', ' ', DATE '2008-10-21', 'Masculino', 57076001, 'CALI', 2, 'Soltero', null, null);
INSERT INTO public."V_PERSONA_B" ("NIS", "TIPO_DOCUMENTO", "NUM_DOC_IDENTIDAD", "PER_NOMBRE", "PER_PRIMER_APELLIDO", "PER_SEGUNDO_APELLIDO", "PER_CORREO_E", "MPO_NOMBRE_RESIDENCIA", "PAI_NOMBRE_RESIDENCIA", "DPT_NOMBRE_RESIDENCIA", "UBU_TEL_PRINCIPAL", "UBU_TEL_MOVIL", "UBU_DIR_RESIDENCIA", "DBU_FCH_NACIMIENTO", "DBU_GENERO", "MPO_ID_RESIDENCIA", "MUM_RESIDENCIA", "DBU_ESTRATO", "DBU_ESTADO_CIVIL", "DBU_AFILIADO_EPS", "DBU_EPS") VALUES (34540094, 'TI', '1061599526', 'ASHLEY JULIANE', 'GURRUTE', 'DORADO', '@', 'CALI', 'COLOMBIA', 'VALLE DEL CAUCA', '573115503972', '3115503972', ' ', DATE '2008-12-20', 'Femenino', 57076001, 'CALI', 1, 'No Ingresado', null, null);
INSERT INTO public."V_PERSONA_B" ("NIS", "TIPO_DOCUMENTO", "NUM_DOC_IDENTIDAD", "PER_NOMBRE", "PER_PRIMER_APELLIDO", "PER_SEGUNDO_APELLIDO", "PER_CORREO_E", "MPO_NOMBRE_RESIDENCIA", "PAI_NOMBRE_RESIDENCIA", "DPT_NOMBRE_RESIDENCIA", "UBU_TEL_PRINCIPAL", "UBU_TEL_MOVIL", "UBU_DIR_RESIDENCIA", "DBU_FCH_NACIMIENTO", "DBU_GENERO", "MPO_ID_RESIDENCIA", "MUM_RESIDENCIA", "DBU_ESTRATO", "DBU_ESTADO_CIVIL", "DBU_AFILIADO_EPS", "DBU_EPS") VALUES (34539035, 'TI', '1056612522', 'OSCAR STEVEN', 'GARCIA', 'ZAMUDIO', '@', 'CALI', 'COLOMBIA', 'VALLE DEL CAUCA', '576068764753', '3005597879', ' ', DATE '2006-03-24', 'Masculino', 57076001, 'CALI', 1, 'No Ingresado', null, null);
INSERT INTO public."V_PERSONA_B" ("NIS", "TIPO_DOCUMENTO", "NUM_DOC_IDENTIDAD", "PER_NOMBRE", "PER_PRIMER_APELLIDO", "PER_SEGUNDO_APELLIDO", "PER_CORREO_E", "MPO_NOMBRE_RESIDENCIA", "PAI_NOMBRE_RESIDENCIA", "DPT_NOMBRE_RESIDENCIA", "UBU_TEL_PRINCIPAL", "UBU_TEL_MOVIL", "UBU_DIR_RESIDENCIA", "DBU_FCH_NACIMIENTO", "DBU_GENERO", "MPO_ID_RESIDENCIA", "MUM_RESIDENCIA", "DBU_ESTRATO", "DBU_ESTADO_CIVIL", "DBU_AFILIADO_EPS", "DBU_EPS") VALUES (30172117, 'TI', '1020117613', 'JULIANA', 'BUITRAGO', 'VASQUEZ', '@', 'CALI', 'COLOMBIA', 'VALLE DEL CAUCA', '573135909611', '3135909611', ' ', DATE '2007-09-14', 'Femenino', 57076001, 'CALI', 2, 'Indiferente', null, null);
INSERT INTO public."V_PERSONA_B" ("NIS", "TIPO_DOCUMENTO", "NUM_DOC_IDENTIDAD", "PER_NOMBRE", "PER_PRIMER_APELLIDO", "PER_SEGUNDO_APELLIDO", "PER_CORREO_E", "MPO_NOMBRE_RESIDENCIA", "PAI_NOMBRE_RESIDENCIA", "DPT_NOMBRE_RESIDENCIA", "UBU_TEL_PRINCIPAL", "UBU_TEL_MOVIL", "UBU_DIR_RESIDENCIA", "DBU_FCH_NACIMIENTO", "DBU_GENERO", "MPO_ID_RESIDENCIA", "MUM_RESIDENCIA", "DBU_ESTRATO", "DBU_ESTADO_CIVIL", "DBU_AFILIADO_EPS", "DBU_EPS") VALUES (34832690, 'TI', '1112150196', 'MANUEL SANTIAGO', 'TRIVIÑO', 'RAMIREZ', '@', 'GUACARÍ', 'COLOMBIA', 'VALLE DEL CAUCA', '573133734310', '3133734310', ' ', DATE '2008-07-08', 'Masculino', 57076318, 'GUACARÍ', 2, 'No Ingresado', null, null);
INSERT INTO public."V_PERSONA_B" ("NIS", "TIPO_DOCUMENTO", "NUM_DOC_IDENTIDAD", "PER_NOMBRE", "PER_PRIMER_APELLIDO", "PER_SEGUNDO_APELLIDO", "PER_CORREO_E", "MPO_NOMBRE_RESIDENCIA", "PAI_NOMBRE_RESIDENCIA", "DPT_NOMBRE_RESIDENCIA", "UBU_TEL_PRINCIPAL", "UBU_TEL_MOVIL", "UBU_DIR_RESIDENCIA", "DBU_FCH_NACIMIENTO", "DBU_GENERO", "MPO_ID_RESIDENCIA", "MUM_RESIDENCIA", "DBU_ESTRATO", "DBU_ESTADO_CIVIL", "DBU_AFILIADO_EPS", "DBU_EPS") VALUES (34832683, 'TI', '1112154022', 'SAHYAM ANDREA', 'PEREA', 'DOMINGUEZ', '@', 'GUACARÍ', 'COLOMBIA', 'VALLE DEL CAUCA', '5778999999', '3004287294', ' ', DATE '2009-04-13', 'Femenino', 57076318, 'GUACARÍ', 1, 'No Ingresado', null, null);
INSERT INTO public."V_PERSONA_B" ("NIS", "TIPO_DOCUMENTO", "NUM_DOC_IDENTIDAD", "PER_NOMBRE", "PER_PRIMER_APELLIDO", "PER_SEGUNDO_APELLIDO", "PER_CORREO_E", "MPO_NOMBRE_RESIDENCIA", "PAI_NOMBRE_RESIDENCIA", "DPT_NOMBRE_RESIDENCIA", "UBU_TEL_PRINCIPAL", "UBU_TEL_MOVIL", "UBU_DIR_RESIDENCIA", "DBU_FCH_NACIMIENTO", "DBU_GENERO", "MPO_ID_RESIDENCIA", "MUM_RESIDENCIA", "DBU_ESTRATO", "DBU_ESTADO_CIVIL", "DBU_AFILIADO_EPS", "DBU_EPS") VALUES (34540910, 'CC', '1023370321', 'DEIWER ANDRES', 'PRIETO', 'GARZON', '@', 'CALI', 'COLOMBIA', 'VALLE DEL CAUCA', '5717073685', '3125960035', ' ', DATE '2005-10-31', 'Masculino', 57076001, 'CALI', 1, 'Soltero', null, null);
INSERT INTO public."V_PERSONA_B" ("NIS", "TIPO_DOCUMENTO", "NUM_DOC_IDENTIDAD", "PER_NOMBRE", "PER_PRIMER_APELLIDO", "PER_SEGUNDO_APELLIDO", "PER_CORREO_E", "MPO_NOMBRE_RESIDENCIA", "PAI_NOMBRE_RESIDENCIA", "DPT_NOMBRE_RESIDENCIA", "UBU_TEL_PRINCIPAL", "UBU_TEL_MOVIL", "UBU_DIR_RESIDENCIA", "DBU_FCH_NACIMIENTO", "DBU_GENERO", "MPO_ID_RESIDENCIA", "MUM_RESIDENCIA", "DBU_ESTRATO", "DBU_ESTADO_CIVIL", "DBU_AFILIADO_EPS", "DBU_EPS") VALUES (34538297, 'TI', '1111549522', 'JESUS HERNAN', 'MONTAÑO', 'GONZALEZ', '@', 'CALI', 'COLOMBIA', 'VALLE DEL CAUCA', '3116476959 ', '3152949786', ' CALLE 21 #2-50 ', DATE '2009-09-14', 'Masculino', 57076001, 'CALI', 1, 'No Ingresado', null, null);
INSERT INTO public."V_PERSONA_B" ("NIS", "TIPO_DOCUMENTO", "NUM_DOC_IDENTIDAD", "PER_NOMBRE", "PER_PRIMER_APELLIDO", "PER_SEGUNDO_APELLIDO", "PER_CORREO_E", "MPO_NOMBRE_RESIDENCIA", "PAI_NOMBRE_RESIDENCIA", "DPT_NOMBRE_RESIDENCIA", "UBU_TEL_PRINCIPAL", "UBU_TEL_MOVIL", "UBU_DIR_RESIDENCIA", "DBU_FCH_NACIMIENTO", "DBU_GENERO", "MPO_ID_RESIDENCIA", "MUM_RESIDENCIA", "DBU_ESTRATO", "DBU_ESTADO_CIVIL", "DBU_AFILIADO_EPS", "DBU_EPS") VALUES (33183698, 'TI', '1108565881', 'JHON STEVAN', 'RIASCOS', 'CASTRO', '@', 'CALI', 'COLOMBIA', 'VALLE DEL CAUCA', '5713000000', '3022968265', ' ', DATE '2008-02-20', 'Masculino', 57076001, 'CALI', 2, 'Soltero', null, null);
INSERT INTO public."V_PERSONA_B" ("NIS", "TIPO_DOCUMENTO", "NUM_DOC_IDENTIDAD", "PER_NOMBRE", "PER_PRIMER_APELLIDO", "PER_SEGUNDO_APELLIDO", "PER_CORREO_E", "MPO_NOMBRE_RESIDENCIA", "PAI_NOMBRE_RESIDENCIA", "DPT_NOMBRE_RESIDENCIA", "UBU_TEL_PRINCIPAL", "UBU_TEL_MOVIL", "UBU_DIR_RESIDENCIA", "DBU_FCH_NACIMIENTO", "DBU_GENERO", "MPO_ID_RESIDENCIA", "MUM_RESIDENCIA", "DBU_ESTRATO", "DBU_ESTADO_CIVIL", "DBU_AFILIADO_EPS", "DBU_EPS") VALUES (34832691, 'TI', '1072661817', 'ALLISON DAYANNA', 'HERNANDEZ', 'CASTAÑO', '@', 'GUACARÍ', 'COLOMBIA', 'VALLE DEL CAUCA', '573187914976', '3187914976', ' ', DATE '2009-04-28', 'Femenino', 57076318, 'GUACARÍ', 1, 'No Ingresado', null, null);
INSERT INTO public."V_PERSONA_B" ("NIS", "TIPO_DOCUMENTO", "NUM_DOC_IDENTIDAD", "PER_NOMBRE", "PER_PRIMER_APELLIDO", "PER_SEGUNDO_APELLIDO", "PER_CORREO_E", "MPO_NOMBRE_RESIDENCIA", "PAI_NOMBRE_RESIDENCIA", "DPT_NOMBRE_RESIDENCIA", "UBU_TEL_PRINCIPAL", "UBU_TEL_MOVIL", "UBU_DIR_RESIDENCIA", "DBU_FCH_NACIMIENTO", "DBU_GENERO", "MPO_ID_RESIDENCIA", "MUM_RESIDENCIA", "DBU_ESTRATO", "DBU_ESTADO_CIVIL", "DBU_AFILIADO_EPS", "DBU_EPS") VALUES (29484899, 'TI', '1112391836', 'SAMUEL STIVEN', 'LASPRILLA', 'VALENCIA', '@', 'GUACARÍ', 'COLOMBIA', 'VALLE DEL CAUCA', '573133309421', '3133309421', ' ', DATE '2007-05-06', 'Masculino', 57076318, 'GUACARÍ', 2, 'No Ingresado', null, null);
INSERT INTO public."V_PERSONA_B" ("NIS", "TIPO_DOCUMENTO", "NUM_DOC_IDENTIDAD", "PER_NOMBRE", "PER_PRIMER_APELLIDO", "PER_SEGUNDO_APELLIDO", "PER_CORREO_E", "MPO_NOMBRE_RESIDENCIA", "PAI_NOMBRE_RESIDENCIA", "DPT_NOMBRE_RESIDENCIA", "UBU_TEL_PRINCIPAL", "UBU_TEL_MOVIL", "UBU_DIR_RESIDENCIA", "DBU_FCH_NACIMIENTO", "DBU_GENERO", "MPO_ID_RESIDENCIA", "MUM_RESIDENCIA", "DBU_ESTRATO", "DBU_ESTADO_CIVIL", "DBU_AFILIADO_EPS", "DBU_EPS") VALUES (34887981, 'TI', '1115452617', 'MARIA CHANEL', 'ANGULO', 'OBANDO', '@', 'CALI', 'COLOMBIA', 'VALLE DEL CAUCA', '573137423080', '3137423080', ' ', DATE '2006-06-15', 'Femenino', 57076001, 'CALI', 1, 'No Ingresado', null, null);
INSERT INTO public."V_PERSONA_B" ("NIS", "TIPO_DOCUMENTO", "NUM_DOC_IDENTIDAD", "PER_NOMBRE", "PER_PRIMER_APELLIDO", "PER_SEGUNDO_APELLIDO", "PER_CORREO_E", "MPO_NOMBRE_RESIDENCIA", "PAI_NOMBRE_RESIDENCIA", "DPT_NOMBRE_RESIDENCIA", "UBU_TEL_PRINCIPAL", "UBU_TEL_MOVIL", "UBU_DIR_RESIDENCIA", "DBU_FCH_NACIMIENTO", "DBU_GENERO", "MPO_ID_RESIDENCIA", "MUM_RESIDENCIA", "DBU_ESTRATO", "DBU_ESTADO_CIVIL", "DBU_AFILIADO_EPS", "DBU_EPS") VALUES (34559121, 'TI', '1107856949', 'JOSTIN CAMILO', 'COBALEDA', 'GARCES', '@', 'CALI', 'COLOMBIA', 'VALLE DEL CAUCA', '5715049958', '3113069984', ' ', DATE '2009-05-10', 'Masculino', 57076001, 'CALI', 2, 'Indiferente', null, null);
INSERT INTO public."V_PERSONA_B" ("NIS", "TIPO_DOCUMENTO", "NUM_DOC_IDENTIDAD", "PER_NOMBRE", "PER_PRIMER_APELLIDO", "PER_SEGUNDO_APELLIDO", "PER_CORREO_E", "MPO_NOMBRE_RESIDENCIA", "PAI_NOMBRE_RESIDENCIA", "DPT_NOMBRE_RESIDENCIA", "UBU_TEL_PRINCIPAL", "UBU_TEL_MOVIL", "UBU_DIR_RESIDENCIA", "DBU_FCH_NACIMIENTO", "DBU_GENERO", "MPO_ID_RESIDENCIA", "MUM_RESIDENCIA", "DBU_ESTRATO", "DBU_ESTADO_CIVIL", "DBU_AFILIADO_EPS", "DBU_EPS") VALUES (34540446, 'TI', '1139834081', 'KAREN YULIETH', 'BELALCAZAR', 'MOSQUERA', '@', 'CALI', 'COLOMBIA', 'VALLE DEL CAUCA', '573126610436', '3126610436', ' ', DATE '2008-12-30', 'Femenino', 57076001, 'CALI', 1, 'No Ingresado', null, null);
INSERT INTO public."V_PERSONA_B" ("NIS", "TIPO_DOCUMENTO", "NUM_DOC_IDENTIDAD", "PER_NOMBRE", "PER_PRIMER_APELLIDO", "PER_SEGUNDO_APELLIDO", "PER_CORREO_E", "MPO_NOMBRE_RESIDENCIA", "PAI_NOMBRE_RESIDENCIA", "DPT_NOMBRE_RESIDENCIA", "UBU_TEL_PRINCIPAL", "UBU_TEL_MOVIL", "UBU_DIR_RESIDENCIA", "DBU_FCH_NACIMIENTO", "DBU_GENERO", "MPO_ID_RESIDENCIA", "MUM_RESIDENCIA", "DBU_ESTRATO", "DBU_ESTADO_CIVIL", "DBU_AFILIADO_EPS", "DBU_EPS") VALUES (34538062, 'TI', '1107856370', 'JULIAN ESTIBEN', 'CARDONA', 'MIRANDA', '@', 'CALI', 'COLOMBIA', 'VALLE DEL CAUCA', '3217561218', '3217561218', ' ', DATE '2009-05-10', 'Masculino', 57076001, 'CALI', 1, 'No Ingresado', null, null);
INSERT INTO public."V_PERSONA_B" ("NIS", "TIPO_DOCUMENTO", "NUM_DOC_IDENTIDAD", "PER_NOMBRE", "PER_PRIMER_APELLIDO", "PER_SEGUNDO_APELLIDO", "PER_CORREO_E", "MPO_NOMBRE_RESIDENCIA", "PAI_NOMBRE_RESIDENCIA", "DPT_NOMBRE_RESIDENCIA", "UBU_TEL_PRINCIPAL", "UBU_TEL_MOVIL", "UBU_DIR_RESIDENCIA", "DBU_FCH_NACIMIENTO", "DBU_GENERO", "MPO_ID_RESIDENCIA", "MUM_RESIDENCIA", "DBU_ESTRATO", "DBU_ESTADO_CIVIL", "DBU_AFILIADO_EPS", "DBU_EPS") VALUES (30122133, 'TI', '1107856553', 'LUIS ANGEL', 'PAREJA', 'ECHEVERRI', '@', 'CALI', 'COLOMBIA', 'VALLE DEL CAUCA', '5713690409', '3144528153', ' ', DATE '2009-05-25', 'Masculino', 57076001, 'CALI', 3, 'Soltero', null, null);
INSERT INTO public."V_PERSONA_B" ("NIS", "TIPO_DOCUMENTO", "NUM_DOC_IDENTIDAD", "PER_NOMBRE", "PER_PRIMER_APELLIDO", "PER_SEGUNDO_APELLIDO", "PER_CORREO_E", "MPO_NOMBRE_RESIDENCIA", "PAI_NOMBRE_RESIDENCIA", "DPT_NOMBRE_RESIDENCIA", "UBU_TEL_PRINCIPAL", "UBU_TEL_MOVIL", "UBU_DIR_RESIDENCIA", "DBU_FCH_NACIMIENTO", "DBU_GENERO", "MPO_ID_RESIDENCIA", "MUM_RESIDENCIA", "DBU_ESTRATO", "DBU_ESTADO_CIVIL", "DBU_AFILIADO_EPS", "DBU_EPS") VALUES (34836296, 'TI', '1114453461', 'EMMANUEL', 'VILLADA', 'QUINTERO', '@', 'GUACARÍ', 'COLOMBIA', 'VALLE DEL CAUCA', '573125064898', null, ' ', DATE '2008-12-24', 'Masculino', 57076318, 'GUACARÍ', 2, 'No Ingresado', null, null);
INSERT INTO public."V_PERSONA_B" ("NIS", "TIPO_DOCUMENTO", "NUM_DOC_IDENTIDAD", "PER_NOMBRE", "PER_PRIMER_APELLIDO", "PER_SEGUNDO_APELLIDO", "PER_CORREO_E", "MPO_NOMBRE_RESIDENCIA", "PAI_NOMBRE_RESIDENCIA", "DPT_NOMBRE_RESIDENCIA", "UBU_TEL_PRINCIPAL", "UBU_TEL_MOVIL", "UBU_DIR_RESIDENCIA", "DBU_FCH_NACIMIENTO", "DBU_GENERO", "MPO_ID_RESIDENCIA", "MUM_RESIDENCIA", "DBU_ESTRATO", "DBU_ESTADO_CIVIL", "DBU_AFILIADO_EPS", "DBU_EPS") VALUES (34855117, 'TI', '1111482153', 'YULEY ANDREA', 'POSSO', 'VALENCIA', '@', 'CALI', 'COLOMBIA', 'VALLE DEL CAUCA', '573153526184', '3153526184', ' ', DATE '2008-02-01', 'Femenino', 57076001, 'CALI', 1, 'No Ingresado', null, null);
INSERT INTO public."V_PERSONA_B" ("NIS", "TIPO_DOCUMENTO", "NUM_DOC_IDENTIDAD", "PER_NOMBRE", "PER_PRIMER_APELLIDO", "PER_SEGUNDO_APELLIDO", "PER_CORREO_E", "MPO_NOMBRE_RESIDENCIA", "PAI_NOMBRE_RESIDENCIA", "DPT_NOMBRE_RESIDENCIA", "UBU_TEL_PRINCIPAL", "UBU_TEL_MOVIL", "UBU_DIR_RESIDENCIA", "DBU_FCH_NACIMIENTO", "DBU_GENERO", "MPO_ID_RESIDENCIA", "MUM_RESIDENCIA", "DBU_ESTRATO", "DBU_ESTADO_CIVIL", "DBU_AFILIADO_EPS", "DBU_EPS") VALUES (34559296, 'TI', '1108335284', 'VALERIA', 'ESCOBAR', 'CARDONA', '@', 'CALI', 'COLOMBIA', 'VALLE DEL CAUCA', '573165628228', null, ' ', DATE '2007-07-27', 'Femenino', 57076001, 'CALI', 3, 'Indiferente', null, null);
INSERT INTO public."V_PERSONA_B" ("NIS", "TIPO_DOCUMENTO", "NUM_DOC_IDENTIDAD", "PER_NOMBRE", "PER_PRIMER_APELLIDO", "PER_SEGUNDO_APELLIDO", "PER_CORREO_E", "MPO_NOMBRE_RESIDENCIA", "PAI_NOMBRE_RESIDENCIA", "DPT_NOMBRE_RESIDENCIA", "UBU_TEL_PRINCIPAL", "UBU_TEL_MOVIL", "UBU_DIR_RESIDENCIA", "DBU_FCH_NACIMIENTO", "DBU_GENERO", "MPO_ID_RESIDENCIA", "MUM_RESIDENCIA", "DBU_ESTRATO", "DBU_ESTADO_CIVIL", "DBU_AFILIADO_EPS", "DBU_EPS") VALUES (30330089, 'TI', '1107055672', 'ANDRES CAMILO', 'LOPERA', 'CEBALLOS', '@', 'CALI', 'COLOMBIA', 'VALLE DEL CAUCA', '5714262658', '3205287264', ' ', DATE '2007-01-14', 'Masculino', 57076001, 'CALI', 1, 'No Ingresado', null, null);
INSERT INTO public."V_PERSONA_B" ("NIS", "TIPO_DOCUMENTO", "NUM_DOC_IDENTIDAD", "PER_NOMBRE", "PER_PRIMER_APELLIDO", "PER_SEGUNDO_APELLIDO", "PER_CORREO_E", "MPO_NOMBRE_RESIDENCIA", "PAI_NOMBRE_RESIDENCIA", "DPT_NOMBRE_RESIDENCIA", "UBU_TEL_PRINCIPAL", "UBU_TEL_MOVIL", "UBU_DIR_RESIDENCIA", "DBU_FCH_NACIMIENTO", "DBU_GENERO", "MPO_ID_RESIDENCIA", "MUM_RESIDENCIA", "DBU_ESTRATO", "DBU_ESTADO_CIVIL", "DBU_AFILIADO_EPS", "DBU_EPS") VALUES (34838140, 'TI', '1112154416', 'ESTEFANIA', 'JARAMILLO', 'POSADA', '@', 'GUACARÍ', 'COLOMBIA', 'VALLE DEL CAUCA', '573182711976', '3182711976', ' ', DATE '2009-07-10', 'Femenino', 57076318, 'GUACARÍ', 2, 'No Ingresado', null, null);
INSERT INTO public."V_PERSONA_B" ("NIS", "TIPO_DOCUMENTO", "NUM_DOC_IDENTIDAD", "PER_NOMBRE", "PER_PRIMER_APELLIDO", "PER_SEGUNDO_APELLIDO", "PER_CORREO_E", "MPO_NOMBRE_RESIDENCIA", "PAI_NOMBRE_RESIDENCIA", "DPT_NOMBRE_RESIDENCIA", "UBU_TEL_PRINCIPAL", "UBU_TEL_MOVIL", "UBU_DIR_RESIDENCIA", "DBU_FCH_NACIMIENTO", "DBU_GENERO", "MPO_ID_RESIDENCIA", "MUM_RESIDENCIA", "DBU_ESTRATO", "DBU_ESTADO_CIVIL", "DBU_AFILIADO_EPS", "DBU_EPS") VALUES (34832727, 'TI', '1114453118', 'JUAN CAMILO', 'MARTINEZ', 'POTES', '@', 'GUACARÍ', 'COLOMBIA', 'VALLE DEL CAUCA', '573168149044', '3168149044', ' ', DATE '2008-06-26', 'Masculino', 57076318, 'GUACARÍ', 2, 'No Ingresado', null, null);



INSERT INTO public."TECNOLOGIA_RED" ("TRD_ID", "TRD_NOMBRE", "TRD_FCH_CREACION", "LTC_ID") VALUES (1, 'TECNOLOGÍAS DE LA INFORMACIÓN, DISEÑO Y DESARROLLO DE SOFTWARE', TIMESTAMP '2008-09-09 11:49:15', 1);
INSERT INTO public."TECNOLOGIA_RED" ("TRD_ID", "TRD_NOMBRE", "TRD_FCH_CREACION", "LTC_ID") VALUES (13, 'TECNOLOGÍAS  AGROINDUSTRIALES', TIMESTAMP '2008-09-09 11:49:15', 3);
INSERT INTO public."TECNOLOGIA_RED" ("TRD_ID", "TRD_NOMBRE", "TRD_FCH_CREACION", "LTC_ID") VALUES (18, 'MATERIALES PARA LA CONSTRUCCIÓN', TIMESTAMP '2008-09-09 11:49:15', 4);
INSERT INTO public."TECNOLOGIA_RED" ("TRD_ID", "TRD_NOMBRE", "TRD_FCH_CREACION", "LTC_ID") VALUES (23, 'TECNOLOGÍAS DE SERVICIOS TURÍSTICOS', TIMESTAMP '2008-09-09 11:49:16', 5);
INSERT INTO public."TECNOLOGIA_RED" ("TRD_ID", "TRD_NOMBRE", "TRD_FCH_CREACION", "LTC_ID") VALUES (147, 'RED INSTITUCIONAL DE ENSEÑANZA DE IDIOMAS', DATE '2012-10-11', 5);


INSERT INTO public."NIVEL_FORMACION"(
	"NFS_ID", "NFS_NOMBRE", "NFS_TIPO_FORMACION", "NFS_ESTADO", "NFS_DURACION_MAXIMA", "NFS_DURACION_MAX_ETAPA_PROD", "NFS_ORDEN", "NFS_OCULTAR_NIA", "NFS_OCULTAR_GRADO", "NFS_REQUISITO_ADICIONAL", "NFS_NIVEL", "NFS_INSCR_POSIBLES") VALUES
	 (1,'AUXILIAR','T',1,1296,432,1,'1','1','- Superar proceso de ingreso. - Otros de ley.',1,2),
	 (2,'TÉCNICO','T',1,2208,864,2,'0','0','-Superar prueba de aptitud, motivación, interés y competencias mínimas de ingreso.',2,2),
	 (3,'INGENIERO TÉCNICO','T',0,48,6,0,'0','0','-Superar prueba de aptitud, motivación, interés y competencias mínimas de ingreso.',3,0),
	 (4,'TÉCNICO PROFESIONAL','T',0,18,6,3,'0','0','- Examen de Estado. - Superar proceso ingreso. - Otros de ley.',0,0),
	 (5,'ESPECIALIZACIÓN TÉCNICA','T',0,6,NULL,3,'0','0','-Superar prueba de aptitud, motivación, interés y competencias mínimas de ingreso.',5,1),
	 (6,'TECNÓLOGO','T',1,3984,864,4,'0','0','- 11º.grado. - Examen de Estado. - Superar proceso ingreso. - Otros de ley.',6,2),
	 (7,'ESPECIALIZACIÓN TECNOLÓGICA','T',1,864,0,5,'0','0','- Titulo como tecnólogo en áreas relacionadas. -Otros de ley.',7,2),
	 (8,'CURSO ESPECIAL','C',1,440,NULL,0,'1','1','-Carta de presentación expedida por la comunidad. -Cumplir con el trámite de selección definido por el Centro',0,-1),
	 (9,'EVENTO DE DIVULGACIÓN TECNOLÓGICA','N',0,NULL,NULL,0,'0','0',NULL,0,-1),
	 (100,'C.A.P. TRAB. CALIFICADO','T',0,NULL,NULL,1,'0','0','-Superar prueba de aptitud, motivación, interés y competencias mínimas de ingreso.',1,0);
INSERT INTO public."NIVEL_FORMACION"(
	"NFS_ID", "NFS_NOMBRE", "NFS_TIPO_FORMACION", "NFS_ESTADO", "NFS_DURACION_MAXIMA", "NFS_DURACION_MAX_ETAPA_PROD", "NFS_ORDEN", "NFS_OCULTAR_NIA", "NFS_OCULTAR_GRADO", "NFS_REQUISITO_ADICIONAL", "NFS_NIVEL", "NFS_INSCR_POSIBLES") VALUES
	 (101,'DIPLOMA TECNICO','T',0,NULL,NULL,2,'0','0','-Superar prueba de aptitud, motivación, interés y competencias mínimas de ingreso.',2,0),
	 (102,'CERT.FORM.ESP.OFICIO','T',0,NULL,NULL,1,'0','0','-Superar prueba de aptitud, motivación, interés y competencias mínimas de ingreso.',1,0),
	 (103,'CERT.ESPECIALIZACION','T',0,NULL,NULL,2,'0','0','-Superar prueba de aptitud, motivación, interés y competencias mínimas de ingreso.',5,0),
	 (104,'DIPLOMA TECNICO PROFESIONAL','T',0,NULL,NULL,3,'0','0','-Superar prueba de aptitud, motivación, interés y competencias mínimas de ingreso.',0,0),
	 (105,'DIPLOMA TECNOLOGO','T',0,NULL,NULL,4,'0','0','-Superar prueba de aptitud, motivación, interés y competencias mínimas de ingreso.',6,0),
	 (107,'C.A.P. TECNICO','T',0,NULL,NULL,2,'0','0','-Superar prueba de aptitud, motivación, interés y competencias mínimas de ingreso.',2,0),
	 (108,'TRABAJADOR CALIFICADO','T',0,NULL,NULL,1,'0','0','-Superar prueba de aptitud, motivación, interés y competencias mínimas de ingreso.',1,0),
	 (109,'AYUDANTE','T',0,NULL,NULL,1,'0','0','-Superar prueba de aptitud, motivación, interés y competencias mínimas de ingreso.',1,0),
	 (10,'OPERARIO','T',1,1296,432,1,'1','1','- Superar proceso de ingreso. - Otros de ley.',1,2),
	 (200,'TECNÓLOGO INTERINSTITUCIONAL','T',0,6,NULL,4,'0','0','-Superar prueba de aptitud, motivación, interés y competencias mínimas de ingreso.',0,0);
INSERT INTO public."NIVEL_FORMACION"(
	"NFS_ID", "NFS_NOMBRE", "NFS_TIPO_FORMACION", "NFS_ESTADO", "NFS_DURACION_MAXIMA", "NFS_DURACION_MAX_ETAPA_PROD", "NFS_ORDEN", "NFS_OCULTAR_NIA", "NFS_OCULTAR_GRADO", "NFS_REQUISITO_ADICIONAL", "NFS_NIVEL", "NFS_INSCR_POSIBLES") VALUES
	 (201,'TÉCNICO PROFESIONAL INTERINSTITUCIONAL','T',0,6,NULL,3,'0','0','-Superar prueba de aptitud, motivación, interés y competencias mínimas de ingreso.',5,0),
	 (202,'FORMACIÓN INTERINSTITUCIONAL','T',0,6,NULL,3,'0','0','-Superar prueba de aptitud, motivación, interés y competencias mínimas de ingreso.',1,0),
	 (12,'OCUPACION','T',0,6,3,1,'0','0','-Superar prueba de aptitud, motivación, interés y competencias mínimas de ingreso.',1,0),
	 (11,'COMPLEMENTARIA VIRTUAL','C',1,440,NULL,0,'1','1',NULL,0,-1),
	 (223,'PROFUNDIZACIÓN TÉCNICA','T',1,432,0,3,'0','0',NULL,4,2),
	 (13,'TÉCNICO LABORAL','T',0,12,6,3,'0','0','-Superar pruebas de ingreso -Otros de ley',2,0);

INSERT INTO public."RESULTADO_APRENDIZAJE"("REA_ID", "CPR_ID", "REA_ETAPA", "REA_NOMBRE", "REA_ESTADO") VALUES (685416, 306966, 'L', '4- PARTICIPAR EN ACCIONES SOLIDARIAS TENIENDO EN CUENTA EL EJERCICIO DE LOS DERECHOS HUMANOS, DE LOS PUEBLOS Y DE LA NATURALEZA. (6)', 1);
INSERT INTO public."RESULTADO_APRENDIZAJE"("REA_ID", "CPR_ID", "REA_ETAPA", "REA_NOMBRE", "REA_ESTADO") VALUES (685417, 306965, 'L', 'RAP 01. CARACTERIZAR HERRAMIENTAS INFORMÁTICAS SEGÚN CONTEXTO TECNOLÓGICO DE LA ORGANIZACIÓN', 1);
INSERT INTO public."RESULTADO_APRENDIZAJE"("REA_ID", "CPR_ID", "REA_ETAPA", "REA_NOMBRE", "REA_ESTADO") VALUES (685418, 306965, 'L', 'RAP 04 DOCUMENTAR LA GESTIÓN DE LA INFORMACIÓN DE ACUERDO A PROTOCOLOS ESTABLECIDOS', 1);
INSERT INTO public."RESULTADO_APRENDIZAJE"("REA_ID", "CPR_ID", "REA_ETAPA", "REA_NOMBRE", "REA_ESTADO") VALUES (685419, 306965, 'L', 'RAP 02 IMPLEMENTAR COMPONENTES DE LAS HERRAMIENTAS TECNOLÓGICAS SEGÚN PROCEDIMIENTOS DE LA ORGANIZACIÓN', 1);
INSERT INTO public."RESULTADO_APRENDIZAJE"("REA_ID", "CPR_ID", "REA_ETAPA", "REA_NOMBRE", "REA_ESTADO") VALUES (685420, 306965, 'L', 'RAP 03 PLANIFICAR LA INFORMACIÓN SEGÚN CRITERIOS DE CIBERSEGURIDAD', 1);
INSERT INTO public."RESULTADO_APRENDIZAJE"("REA_ID", "CPR_ID", "REA_ETAPA", "REA_NOMBRE", "REA_ESTADO") VALUES (685421, 306967, 'L', '01.	ESTABLECER CARACTERÍSTICAS Y COMPETENCIAS EMPRENDEDORAS PERSONALES DE ACUERDO CON SUS POTENCIALIDADES, OBJETIVOS Y EL ENTORNO.', 1);
INSERT INTO public."RESULTADO_APRENDIZAJE"("REA_ID", "CPR_ID", "REA_ETAPA", "REA_NOMBRE", "REA_ESTADO") VALUES (685422, 306967, 'L', '02.	APROPIAR EL PROCESO DE TOMA DE DECISIONES PERSONALES EN SU COTIDIANIDAD, SEGÚN EL COMPORTAMIENTO EMPRENDEDOR', 1);
INSERT INTO public."RESULTADO_APRENDIZAJE"("REA_ID", "CPR_ID", "REA_ETAPA", "REA_NOMBRE", "REA_ESTADO") VALUES (685423, 306967, 'L', '04.	RELACIONAR LA IMPORTANCIA DE LA NEGOCIACIÓN CON EL EMPRENDIMIENTO SEGÚN LAS NECESIDADES Y ELEMENTOS DE LA NEGOCIACIÓN.', 1);
INSERT INTO public."RESULTADO_APRENDIZAJE"("REA_ID", "CPR_ID", "REA_ETAPA", "REA_NOMBRE", "REA_ESTADO") VALUES (685424, 306967, 'L', '03.	EMPLEAR CAPACIDAD CREATIVA E INNOVADORA SEGÚN ESTRATEGIA EMPRENDEDORA.', 1);

/* AQUI INICIA ANDRES */ 

INSERT INTO public."V_INSTRUCTOR_RESP_JUICIO_B"(
	"IRJ_ID", "AIR_ID", "INF_ID", "REA_ID", "NIS_FUN_INSTRUCTOR", "FIC_ID") VALUES (83465807, 35256641, 5634602, 669944, 15900361, 2916793);
INSERT INTO public."V_INSTRUCTOR_RESP_JUICIO_B"(
	"IRJ_ID", "AIR_ID", "INF_ID", "REA_ID", "NIS_FUN_INSTRUCTOR", "FIC_ID") VALUES (83465806, 35256640, 5634602, 669931, 15900361, 2916793);
INSERT INTO public."V_INSTRUCTOR_RESP_JUICIO_B"(
	"IRJ_ID", "AIR_ID", "INF_ID", "REA_ID", "NIS_FUN_INSTRUCTOR", "FIC_ID") VALUES (83465805, 35256639, 5634602, 669861, 15900361, 2916793);
INSERT INTO public."V_INSTRUCTOR_RESP_JUICIO_B"(
	"IRJ_ID", "AIR_ID", "INF_ID", "REA_ID", "NIS_FUN_INSTRUCTOR", "FIC_ID") VALUES (83465804, 35256638, 5634602, 669936, 15900361, 2916793);
INSERT INTO public."V_INSTRUCTOR_RESP_JUICIO_B"(
	"IRJ_ID", "AIR_ID", "INF_ID", "REA_ID", "NIS_FUN_INSTRUCTOR", "FIC_ID") VALUES (83465803, 35256637, 5634602, 669925, 15900361, 2916793);
INSERT INTO public."V_INSTRUCTOR_RESP_JUICIO_B"(
	"IRJ_ID", "AIR_ID", "INF_ID", "REA_ID", "NIS_FUN_INSTRUCTOR", "FIC_ID") VALUES (83465802, 35256636, 5634602, 669867, 15900361, 2916793);
INSERT INTO public."V_INSTRUCTOR_RESP_JUICIO_B"(
	"IRJ_ID", "AIR_ID", "INF_ID", "REA_ID", "NIS_FUN_INSTRUCTOR", "FIC_ID") VALUES (83465801, 35256635, 5634602, 669876, 15900361, 2916793);
INSERT INTO public."V_INSTRUCTOR_RESP_JUICIO_B"(
	"IRJ_ID", "AIR_ID", "INF_ID", "REA_ID", "NIS_FUN_INSTRUCTOR", "FIC_ID") VALUES (83465800, 35256634, 5634602, 669946, 15900361, 2916793);
INSERT INTO public."V_INSTRUCTOR_RESP_JUICIO_B"(
	"IRJ_ID", "AIR_ID", "INF_ID", "REA_ID", "NIS_FUN_INSTRUCTOR", "FIC_ID") VALUES (83465799, 35256633, 5634602, 669874, 15900361, 2916793);
INSERT INTO public."V_INSTRUCTOR_RESP_JUICIO_B"(
	"IRJ_ID", "AIR_ID", "INF_ID", "REA_ID", "NIS_FUN_INSTRUCTOR", "FIC_ID") VALUES (83465798, 35256632, 5634602, 669939, 15900361, 2916793);
INSERT INTO public."V_INSTRUCTOR_RESP_JUICIO_B"(
	"IRJ_ID", "AIR_ID", "INF_ID", "REA_ID", "NIS_FUN_INSTRUCTOR", "FIC_ID") VALUES (83465797, 35256631, 5634602, 669952, 15900361, 2916793);
INSERT INTO public."V_INSTRUCTOR_RESP_JUICIO_B"(
	"IRJ_ID", "AIR_ID", "INF_ID", "REA_ID", "NIS_FUN_INSTRUCTOR", "FIC_ID") VALUES (83465796, 35256630, 5634602, 669928, 15900361, 2916793);
INSERT INTO public."V_INSTRUCTOR_RESP_JUICIO_B"(
	"IRJ_ID", "AIR_ID", "INF_ID", "REA_ID", "NIS_FUN_INSTRUCTOR", "FIC_ID") VALUES (83465795, 35256629, 5634602, 669930, 15900361, 2916793);
INSERT INTO public."V_INSTRUCTOR_RESP_JUICIO_B"(
	"IRJ_ID", "AIR_ID", "INF_ID", "REA_ID", "NIS_FUN_INSTRUCTOR", "FIC_ID") VALUES (83465794, 35256628, 5634602, 669873, 15900361, 2916793);
INSERT INTO public."V_INSTRUCTOR_RESP_JUICIO_B"(
	"IRJ_ID", "AIR_ID", "INF_ID", "REA_ID", "NIS_FUN_INSTRUCTOR", "FIC_ID") VALUES (83465793, 35256627, 5634602, 669947, 15900361, 2916793);
INSERT INTO public."V_INSTRUCTOR_RESP_JUICIO_B"(
	"IRJ_ID", "AIR_ID", "INF_ID", "REA_ID", "NIS_FUN_INSTRUCTOR", "FIC_ID") VALUES (83465792, 35256626, 5634602, 669940, 15900361, 2916793);
INSERT INTO public."V_INSTRUCTOR_RESP_JUICIO_B"(
	"IRJ_ID", "AIR_ID", "INF_ID", "REA_ID", "NIS_FUN_INSTRUCTOR", "FIC_ID") VALUES (83465791, 35256625, 5634602, 669943, 15900361, 2916793);
INSERT INTO public."V_INSTRUCTOR_RESP_JUICIO_B"(
	"IRJ_ID", "AIR_ID", "INF_ID", "REA_ID", "NIS_FUN_INSTRUCTOR", "FIC_ID") VALUES (83465790, 35256624, 5634602, 669875, 15900361, 2916793);
INSERT INTO public."V_INSTRUCTOR_RESP_JUICIO_B"(
	"IRJ_ID", "AIR_ID", "INF_ID", "REA_ID", "NIS_FUN_INSTRUCTOR", "FIC_ID") VALUES (83465789, 35256623, 5634602, 669862, 15900361, 2916793);
INSERT INTO public."V_INSTRUCTOR_RESP_JUICIO_B"(
	"IRJ_ID", "AIR_ID", "INF_ID", "REA_ID", "NIS_FUN_INSTRUCTOR", "FIC_ID") VALUES (83465788, 35256622, 5634602, 669869, 15900361, 2916793);
INSERT INTO public."V_INSTRUCTOR_RESP_JUICIO_B"(
	"IRJ_ID", "AIR_ID", "INF_ID", "REA_ID", "NIS_FUN_INSTRUCTOR", "FIC_ID") VALUES (83465787, 35256621, 5634602, 669933, 15900361, 2916793);
INSERT INTO public."V_INSTRUCTOR_RESP_JUICIO_B"(
	"IRJ_ID", "AIR_ID", "INF_ID", "REA_ID", "NIS_FUN_INSTRUCTOR", "FIC_ID") VALUES (83465786, 35256620, 5634602, 669951, 15900361, 2916793);
INSERT INTO public."V_INSTRUCTOR_RESP_JUICIO_B"(
	"IRJ_ID", "AIR_ID", "INF_ID", "REA_ID", "NIS_FUN_INSTRUCTOR", "FIC_ID") VALUES (83465785, 35256618, 5634602, 669860, 15900361, 2916793);
INSERT INTO public."V_INSTRUCTOR_RESP_JUICIO_B"(
	"IRJ_ID", "AIR_ID", "INF_ID", "REA_ID", "NIS_FUN_INSTRUCTOR", "FIC_ID") VALUES (83465784, 35256617, 5634602, 669945, 15900361, 2916793);
INSERT INTO public."V_INSTRUCTOR_RESP_JUICIO_B"(
	"IRJ_ID", "AIR_ID", "INF_ID", "REA_ID", "NIS_FUN_INSTRUCTOR", "FIC_ID") VALUES (83465783, 35256616, 5634602, 669871, 15900361, 2916793);
INSERT INTO public."V_INSTRUCTOR_RESP_JUICIO_B"(
	"IRJ_ID", "AIR_ID", "INF_ID", "REA_ID", "NIS_FUN_INSTRUCTOR", "FIC_ID") VALUES (83465782, 35256615, 5634602, 669950, 15900361, 2916793);
INSERT INTO public."V_INSTRUCTOR_RESP_JUICIO_B"(
	"IRJ_ID", "AIR_ID", "INF_ID", "REA_ID", "NIS_FUN_INSTRUCTOR", "FIC_ID") VALUES (83465781, 35256614, 5634602, 669870, 15900361, 2916793);
INSERT INTO public."V_INSTRUCTOR_RESP_JUICIO_B"(
	"IRJ_ID", "AIR_ID", "INF_ID", "REA_ID", "NIS_FUN_INSTRUCTOR", "FIC_ID") VALUES (83465780, 35256613, 5634602, 669934, 15900361, 2916793);
INSERT INTO public."V_INSTRUCTOR_RESP_JUICIO_B"(
	"IRJ_ID", "AIR_ID", "INF_ID", "REA_ID", "NIS_FUN_INSTRUCTOR", "FIC_ID") VALUES (83465779, 35256612, 5634602, 669941, 15900361, 2916793);
INSERT INTO public."V_INSTRUCTOR_RESP_JUICIO_B"(
	"IRJ_ID", "AIR_ID", "INF_ID", "REA_ID", "NIS_FUN_INSTRUCTOR", "FIC_ID") VALUES (83465778, 35256611, 5634602, 669878, 15900361, 2916793);
INSERT INTO public."V_INSTRUCTOR_RESP_JUICIO_B"(
	"IRJ_ID", "AIR_ID", "INF_ID", "REA_ID", "NIS_FUN_INSTRUCTOR", "FIC_ID") VALUES (83465777, 35256610, 5634602, 669929, 15900361, 2916793);
INSERT INTO public."V_INSTRUCTOR_RESP_JUICIO_B"(
	"IRJ_ID", "AIR_ID", "INF_ID", "REA_ID", "NIS_FUN_INSTRUCTOR", "FIC_ID") VALUES (83465776, 35256609, 5634602, 669938, 15900361, 2916793);
INSERT INTO public."V_INSTRUCTOR_RESP_JUICIO_B"(
	"IRJ_ID", "AIR_ID", "INF_ID", "REA_ID", "NIS_FUN_INSTRUCTOR", "FIC_ID") VALUES (83465775, 35256619, 5634602, 669927, 15900361, 2916793);
INSERT INTO public."V_INSTRUCTOR_RESP_JUICIO_B"(
	"IRJ_ID", "AIR_ID", "INF_ID", "REA_ID", "NIS_FUN_INSTRUCTOR", "FIC_ID") VALUES (83465774, 35256607, 5634602, 669859, 15900361, 2916793);
INSERT INTO public."V_INSTRUCTOR_RESP_JUICIO_B"(
	"IRJ_ID", "AIR_ID", "INF_ID", "REA_ID", "NIS_FUN_INSTRUCTOR", "FIC_ID") VALUES (83465773, 35256606, 5634602, 669877, 15900361, 2916793);
INSERT INTO public."V_INSTRUCTOR_RESP_JUICIO_B"(
	"IRJ_ID", "AIR_ID", "INF_ID", "REA_ID", "NIS_FUN_INSTRUCTOR", "FIC_ID") VALUES (83465772, 35256605, 5634602, 669868, 15900361, 2916793);
INSERT INTO public."V_INSTRUCTOR_RESP_JUICIO_B"(
	"IRJ_ID", "AIR_ID", "INF_ID", "REA_ID", "NIS_FUN_INSTRUCTOR", "FIC_ID") VALUES (83465771, 35256604, 5634602, 669932, 15900361, 2916793);
INSERT INTO public."V_INSTRUCTOR_RESP_JUICIO_B"(
	"IRJ_ID", "AIR_ID", "INF_ID", "REA_ID", "NIS_FUN_INSTRUCTOR", "FIC_ID") VALUES (83465770, 35256603, 5634602, 669937, 15900361, 2916793);
INSERT INTO public."V_INSTRUCTOR_RESP_JUICIO_B"(
	"IRJ_ID", "AIR_ID", "INF_ID", "REA_ID", "NIS_FUN_INSTRUCTOR", "FIC_ID") VALUES (83465769, 35256602, 5634602, 669942, 15900361, 2916793);
INSERT INTO public."V_INSTRUCTOR_RESP_JUICIO_B"(
	"IRJ_ID", "AIR_ID", "INF_ID", "REA_ID", "NIS_FUN_INSTRUCTOR", "FIC_ID") VALUES (83465768, 35256601, 5634602, 669935, 15900361, 2916793);
INSERT INTO public."V_INSTRUCTOR_RESP_JUICIO_B"(
	"IRJ_ID", "AIR_ID", "INF_ID", "REA_ID", "NIS_FUN_INSTRUCTOR", "FIC_ID") VALUES (83465767, 35256580, 5634602, 669948, 15900361, 2916793);
INSERT INTO public."V_INSTRUCTOR_RESP_JUICIO_B"(
	"IRJ_ID", "AIR_ID", "INF_ID", "REA_ID", "NIS_FUN_INSTRUCTOR", "FIC_ID") VALUES (83465766, 35256579, 5634602, 669872, 15900361, 2916793);
INSERT INTO public."V_INSTRUCTOR_RESP_JUICIO_B"(
	"IRJ_ID", "AIR_ID", "INF_ID", "REA_ID", "NIS_FUN_INSTRUCTOR", "FIC_ID") VALUES (83465765, 35256578, 5634602, 669949, 15900361, 2916793);
INSERT INTO public."V_INSTRUCTOR_RESP_JUICIO_B"(
	"IRJ_ID", "AIR_ID", "INF_ID", "REA_ID", "NIS_FUN_INSTRUCTOR", "FIC_ID") VALUES (83465764, 35256608, 5634602, 669926, 15900361, 2916793);
INSERT INTO public."V_INSTRUCTOR_RESP_JUICIO_B"(
	"IRJ_ID", "AIR_ID", "INF_ID", "REA_ID", "NIS_FUN_INSTRUCTOR", "FIC_ID") VALUES (83465763, 35256577, 5634602, 669858, 15900361, 2916793);
INSERT INTO public."V_INSTRUCTOR_RESP_JUICIO_B"(
	"IRJ_ID", "AIR_ID", "INF_ID", "REA_ID", "NIS_FUN_INSTRUCTOR", "FIC_ID") VALUES (83465762, 35256576, 5634602, 669446, 15900361, 2916793);
INSERT INTO public."V_INSTRUCTOR_RESP_JUICIO_B"(
	"IRJ_ID", "AIR_ID", "INF_ID", "REA_ID", "NIS_FUN_INSTRUCTOR", "FIC_ID") VALUES (83465761, 35256645, 5634602, 671549, 15900361, 2916793);
INSERT INTO public."V_INSTRUCTOR_RESP_JUICIO_B"(
	"IRJ_ID", "AIR_ID", "INF_ID", "REA_ID", "NIS_FUN_INSTRUCTOR", "FIC_ID") VALUES (83465760, 35256644, 5634602, 671548, 15900361, 2916793);
INSERT INTO public."V_INSTRUCTOR_RESP_JUICIO_B"(
	"IRJ_ID", "AIR_ID", "INF_ID", "REA_ID", "NIS_FUN_INSTRUCTOR", "FIC_ID") VALUES (83465759, 35256643, 5634602, 671550, 15900361, 2916793);
INSERT INTO public."V_INSTRUCTOR_RESP_JUICIO_B"(
	"IRJ_ID", "AIR_ID", "INF_ID", "REA_ID", "NIS_FUN_INSTRUCTOR", "FIC_ID") VALUES (83465758, 35256642, 5634602, 671551, 15900361, 2916793);
INSERT INTO public."V_INSTRUCTOR_RESP_JUICIO_B"(
	"IRJ_ID", "AIR_ID", "INF_ID", "REA_ID", "NIS_FUN_INSTRUCTOR", "FIC_ID") VALUES (83467117, 37666219, 5634676, 593290, 7636153, 2919526);
INSERT INTO public."V_INSTRUCTOR_RESP_JUICIO_B"(
	"IRJ_ID", "AIR_ID", "INF_ID", "REA_ID", "NIS_FUN_INSTRUCTOR", "FIC_ID") VALUES (83467116, 37666218, 5634676, 591796, 7636153, 2919526);
INSERT INTO public."V_INSTRUCTOR_RESP_JUICIO_B"(
	"IRJ_ID", "AIR_ID", "INF_ID", "REA_ID", "NIS_FUN_INSTRUCTOR", "FIC_ID") VALUES (83467115, 37666217, 5634676, 593311, 7636153, 2919526);
INSERT INTO public."V_INSTRUCTOR_RESP_JUICIO_B"(
	"IRJ_ID", "AIR_ID", "INF_ID", "REA_ID", "NIS_FUN_INSTRUCTOR", "FIC_ID") VALUES (83467114, 37666216, 5634676, 593309, 7636153, 2919526);
INSERT INTO public."V_INSTRUCTOR_RESP_JUICIO_B"(
	"IRJ_ID", "AIR_ID", "INF_ID", "REA_ID", "NIS_FUN_INSTRUCTOR", "FIC_ID") VALUES (83467113, 37666215, 5634676, 593296, 7636153, 2919526);
INSERT INTO public."V_INSTRUCTOR_RESP_JUICIO_B"(
	"IRJ_ID", "AIR_ID", "INF_ID", "REA_ID", "NIS_FUN_INSTRUCTOR", "FIC_ID") VALUES (83467112, 37666214, 5634676, 593253, 7636153, 2919526);
INSERT INTO public."V_INSTRUCTOR_RESP_JUICIO_B"(
	"IRJ_ID", "AIR_ID", "INF_ID", "REA_ID", "NIS_FUN_INSTRUCTOR", "FIC_ID") VALUES (83467111, 37666213, 5634676, 593241, 7636153, 2919526);
INSERT INTO public."V_INSTRUCTOR_RESP_JUICIO_B"(
	"IRJ_ID", "AIR_ID", "INF_ID", "REA_ID", "NIS_FUN_INSTRUCTOR", "FIC_ID") VALUES (83467110, 37666212, 5634676, 593289, 7636153, 2919526);
INSERT INTO public."V_INSTRUCTOR_RESP_JUICIO_B"(
	"IRJ_ID", "AIR_ID", "INF_ID", "REA_ID", "NIS_FUN_INSTRUCTOR", "FIC_ID") VALUES (83467109, 37666211, 5634676, 593310, 7636153, 2919526);
INSERT INTO public."V_INSTRUCTOR_RESP_JUICIO_B"(
	"IRJ_ID", "AIR_ID", "INF_ID", "REA_ID", "NIS_FUN_INSTRUCTOR", "FIC_ID") VALUES (83467108, 37666210, 5634676, 593306, 7636153, 2919526);
INSERT INTO public."V_INSTRUCTOR_RESP_JUICIO_B"(
	"IRJ_ID", "AIR_ID", "INF_ID", "REA_ID", "NIS_FUN_INSTRUCTOR", "FIC_ID") VALUES (83467107, 37666209, 5634676, 593247, 7636153, 2919526);
INSERT INTO public."V_INSTRUCTOR_RESP_JUICIO_B"(
	"IRJ_ID", "AIR_ID", "INF_ID", "REA_ID", "NIS_FUN_INSTRUCTOR", "FIC_ID") VALUES (83467106, 37666208, 5634676, 593228, 7636153, 2919526);
INSERT INTO public."V_INSTRUCTOR_RESP_JUICIO_B"(
	"IRJ_ID", "AIR_ID", "INF_ID", "REA_ID", "NIS_FUN_INSTRUCTOR", "FIC_ID") VALUES (83467105, 37666207, 5634676, 593291, 7636153, 2919526);
INSERT INTO public."V_INSTRUCTOR_RESP_JUICIO_B"(
	"IRJ_ID", "AIR_ID", "INF_ID", "REA_ID", "NIS_FUN_INSTRUCTOR", "FIC_ID") VALUES (83467104, 37666206, 5634676, 593240, 7636153, 2919526);
INSERT INTO public."V_INSTRUCTOR_RESP_JUICIO_B"(
	"IRJ_ID", "AIR_ID", "INF_ID", "REA_ID", "NIS_FUN_INSTRUCTOR", "FIC_ID") VALUES (83467103, 37666205, 5634676, 593293, 7636153, 2919526);
INSERT INTO public."V_INSTRUCTOR_RESP_JUICIO_B"(
	"IRJ_ID", "AIR_ID", "INF_ID", "REA_ID", "NIS_FUN_INSTRUCTOR", "FIC_ID") VALUES (83467102, 37666204, 5634676, 593297, 7636153, 2919526);
INSERT INTO public."V_INSTRUCTOR_RESP_JUICIO_B"(
	"IRJ_ID", "AIR_ID", "INF_ID", "REA_ID", "NIS_FUN_INSTRUCTOR", "FIC_ID") VALUES (83467101, 37666203, 5634676, 593248, 7636153, 2919526);
INSERT INTO public."V_INSTRUCTOR_RESP_JUICIO_B"(
	"IRJ_ID", "AIR_ID", "INF_ID", "REA_ID", "NIS_FUN_INSTRUCTOR", "FIC_ID") VALUES (83467100, 37666202, 5634676, 593307, 7636153, 2919526);
INSERT INTO public."V_INSTRUCTOR_RESP_JUICIO_B"(
	"IRJ_ID", "AIR_ID", "INF_ID", "REA_ID", "NIS_FUN_INSTRUCTOR", "FIC_ID") VALUES (83467099, 37666201, 5634676, 593230, 7636153, 2919526);
INSERT INTO public."V_INSTRUCTOR_RESP_JUICIO_B"(
	"IRJ_ID", "AIR_ID", "INF_ID", "REA_ID", "NIS_FUN_INSTRUCTOR", "FIC_ID") VALUES (83467098, 37666200, 5634676, 593252, 7636153, 2919526);
INSERT INTO public."V_INSTRUCTOR_RESP_JUICIO_B"(
	"IRJ_ID", "AIR_ID", "INF_ID", "REA_ID", "NIS_FUN_INSTRUCTOR", "FIC_ID") VALUES (83467097, 37666199, 5634676, 593286, 7636153, 2919526);
INSERT INTO public."V_INSTRUCTOR_RESP_JUICIO_B"(
	"IRJ_ID", "AIR_ID", "INF_ID", "REA_ID", "NIS_FUN_INSTRUCTOR", "FIC_ID") VALUES (83467096, 37666198, 5634676, 593304, 7636153, 2919526);
INSERT INTO public."V_INSTRUCTOR_RESP_JUICIO_B"(
	"IRJ_ID", "AIR_ID", "INF_ID", "REA_ID", "NIS_FUN_INSTRUCTOR", "FIC_ID") VALUES (83467095, 37666197, 5634676, 593232, 7636153, 2919526);
INSERT INTO public."V_INSTRUCTOR_RESP_JUICIO_B"(
	"IRJ_ID", "AIR_ID", "INF_ID", "REA_ID", "NIS_FUN_INSTRUCTOR", "FIC_ID") VALUES (83467094, 37666196, 5634676, 593284, 7636153, 2919526);
INSERT INTO public."V_INSTRUCTOR_RESP_JUICIO_B"(
	"IRJ_ID", "AIR_ID", "INF_ID", "REA_ID", "NIS_FUN_INSTRUCTOR", "FIC_ID") VALUES (83467093, 37666195, 5634676, 593285, 7636153, 2919526);
INSERT INTO public."V_INSTRUCTOR_RESP_JUICIO_B"(
	"IRJ_ID", "AIR_ID", "INF_ID", "REA_ID", "NIS_FUN_INSTRUCTOR", "FIC_ID") VALUES (83467092, 37666194, 5634676, 593303, 7636153, 2919526);
INSERT INTO public."V_INSTRUCTOR_RESP_JUICIO_B"(
	"IRJ_ID", "AIR_ID", "INF_ID", "REA_ID", "NIS_FUN_INSTRUCTOR", "FIC_ID") VALUES (83467091, 37666193, 5634676, 593298, 7636153, 2919526);
INSERT INTO public."V_INSTRUCTOR_RESP_JUICIO_B"(
	"IRJ_ID", "AIR_ID", "INF_ID", "REA_ID", "NIS_FUN_INSTRUCTOR", "FIC_ID") VALUES (83467090, 37666192, 5634676, 593249, 7636153, 2919526);
INSERT INTO public."V_INSTRUCTOR_RESP_JUICIO_B"(
	"IRJ_ID", "AIR_ID", "INF_ID", "REA_ID", "NIS_FUN_INSTRUCTOR", "FIC_ID") VALUES (83467089, 37666191, 5634676, 593288, 7636153, 2919526);
INSERT INTO public."V_INSTRUCTOR_RESP_JUICIO_B"(
	"IRJ_ID", "AIR_ID", "INF_ID", "REA_ID", "NIS_FUN_INSTRUCTOR", "FIC_ID") VALUES (83467088, 37666190, 5634676, 593242, 7636153, 2919526);
INSERT INTO public."V_INSTRUCTOR_RESP_JUICIO_B"(
	"IRJ_ID", "AIR_ID", "INF_ID", "REA_ID", "NIS_FUN_INSTRUCTOR", "FIC_ID") VALUES (83467087, 37666189, 5634676, 593234, 7636153, 2919526);
INSERT INTO public."V_INSTRUCTOR_RESP_JUICIO_B"(
	"IRJ_ID", "AIR_ID", "INF_ID", "REA_ID", "NIS_FUN_INSTRUCTOR", "FIC_ID") VALUES (83467086, 37666188, 5634676, 593312, 7636153, 2919526);
INSERT INTO public."V_INSTRUCTOR_RESP_JUICIO_B"(
	"IRJ_ID", "AIR_ID", "INF_ID", "REA_ID", "NIS_FUN_INSTRUCTOR", "FIC_ID") VALUES (83467085, 37666187, 5634676, 593292, 7636153, 2919526);
INSERT INTO public."V_INSTRUCTOR_RESP_JUICIO_B"(
	"IRJ_ID", "AIR_ID", "INF_ID", "REA_ID", "NIS_FUN_INSTRUCTOR", "FIC_ID") VALUES (83467084, 37666186, 5634676, 593254, 7636153, 2919526);
INSERT INTO public."V_INSTRUCTOR_RESP_JUICIO_B"(
	"IRJ_ID", "AIR_ID", "INF_ID", "REA_ID", "NIS_FUN_INSTRUCTOR", "FIC_ID") VALUES (83467083, 37666185, 5634676, 593231, 7636153, 2919526);
INSERT INTO public."V_INSTRUCTOR_RESP_JUICIO_B"(
	"IRJ_ID", "AIR_ID", "INF_ID", "REA_ID", "NIS_FUN_INSTRUCTOR", "FIC_ID") VALUES (83467082, 37666184, 5634676, 593250, 7636153, 2919526);
INSERT INTO public."V_INSTRUCTOR_RESP_JUICIO_B"(
	"IRJ_ID", "AIR_ID", "INF_ID", "REA_ID", "NIS_FUN_INSTRUCTOR", "FIC_ID") VALUES (83467081, 37666183, 5634676, 593287, 7636153, 2919526);
INSERT INTO public."V_INSTRUCTOR_RESP_JUICIO_B"(
	"IRJ_ID", "AIR_ID", "INF_ID", "REA_ID", "NIS_FUN_INSTRUCTOR", "FIC_ID") VALUES (83467080, 37666182, 5634676, 593239, 7636153, 2919526);
INSERT INTO public."V_INSTRUCTOR_RESP_JUICIO_B"(
	"IRJ_ID", "AIR_ID", "INF_ID", "REA_ID", "NIS_FUN_INSTRUCTOR", "FIC_ID") VALUES (83467079, 37666181, 5634676, 593294, 7636153, 2919526);
INSERT INTO public."V_INSTRUCTOR_RESP_JUICIO_B"(
	"IRJ_ID", "AIR_ID", "INF_ID", "REA_ID", "NIS_FUN_INSTRUCTOR", "FIC_ID") VALUES (83467078, 37666180, 5634676, 593251, 7636153, 2919526);
INSERT INTO public."V_INSTRUCTOR_RESP_JUICIO_B"(
	"IRJ_ID", "AIR_ID", "INF_ID", "REA_ID", "NIS_FUN_INSTRUCTOR", "FIC_ID") VALUES (83467077, 37666179, 5634676, 593295, 7636153, 2919526);
INSERT INTO public."V_INSTRUCTOR_RESP_JUICIO_B"(
	"IRJ_ID", "AIR_ID", "INF_ID", "REA_ID", "NIS_FUN_INSTRUCTOR", "FIC_ID") VALUES (83467076, 37666178, 5634676, 593229, 7636153, 2919526);
INSERT INTO public."V_INSTRUCTOR_RESP_JUICIO_B"(
	"IRJ_ID", "AIR_ID", "INF_ID", "REA_ID", "NIS_FUN_INSTRUCTOR", "FIC_ID") VALUES (83467075, 37666177, 5634676, 593283, 7636153, 2919526);
INSERT INTO public."V_INSTRUCTOR_RESP_JUICIO_B"(
	"IRJ_ID", "AIR_ID", "INF_ID", "REA_ID", "NIS_FUN_INSTRUCTOR", "FIC_ID") VALUES (83467074, 37666176, 5634676, 593305, 7636153, 2919526);
INSERT INTO public."V_INSTRUCTOR_RESP_JUICIO_B"(
	"IRJ_ID", "AIR_ID", "INF_ID", "REA_ID", "NIS_FUN_INSTRUCTOR", "FIC_ID") VALUES (83467073, 37666175, 5634676, 593308, 7636153, 2919526);
INSERT INTO public."V_INSTRUCTOR_RESP_JUICIO_B"(
	"IRJ_ID", "AIR_ID", "INF_ID", "REA_ID", "NIS_FUN_INSTRUCTOR", "FIC_ID") VALUES (83467072, 37666174, 5634676, 593233, 7636153, 2919526);
INSERT INTO public."V_INSTRUCTOR_RESP_JUICIO_B"(
	"IRJ_ID", "AIR_ID", "INF_ID", "REA_ID", "NIS_FUN_INSTRUCTOR", "FIC_ID") VALUES (83467071, 37666173, 5634676, 593300, 7636153, 2919526);
INSERT INTO public."V_INSTRUCTOR_RESP_JUICIO_B"(
	"IRJ_ID", "AIR_ID", "INF_ID", "REA_ID", "NIS_FUN_INSTRUCTOR", "FIC_ID") VALUES (83467070, 37666172, 5634676, 593301, 7636153, 2919526);
INSERT INTO public."V_INSTRUCTOR_RESP_JUICIO_B"(
	"IRJ_ID", "AIR_ID", "INF_ID", "REA_ID", "NIS_FUN_INSTRUCTOR", "FIC_ID") VALUES (83467069, 37666171, 5634676, 593302, 7636153, 2919526);
INSERT INTO public."V_INSTRUCTOR_RESP_JUICIO_B"(
	"IRJ_ID", "AIR_ID", "INF_ID", "REA_ID", "NIS_FUN_INSTRUCTOR", "FIC_ID") VALUES (83467068, 37666170, 5634676, 593299, 7636153, 2919526);
INSERT INTO public."V_INSTRUCTOR_RESP_JUICIO_B"(
	"IRJ_ID", "AIR_ID", "INF_ID", "REA_ID", "NIS_FUN_INSTRUCTOR", "FIC_ID") VALUES (83467502, 34160693, 5634680, 457416, 18969112, 2918682);
INSERT INTO public."V_INSTRUCTOR_RESP_JUICIO_B"(
	"IRJ_ID", "AIR_ID", "INF_ID", "REA_ID", "NIS_FUN_INSTRUCTOR", "FIC_ID") VALUES (83467501, 34160692, 5634680, 457364, 18969112, 2918682);
INSERT INTO public."V_INSTRUCTOR_RESP_JUICIO_B"(
	"IRJ_ID", "AIR_ID", "INF_ID", "REA_ID", "NIS_FUN_INSTRUCTOR", "FIC_ID") VALUES (83467500, 34160691, 5634680, 457400, 18969112, 2918682);
INSERT INTO public."V_INSTRUCTOR_RESP_JUICIO_B"(
	"IRJ_ID", "AIR_ID", "INF_ID", "REA_ID", "NIS_FUN_INSTRUCTOR", "FIC_ID") VALUES (83467499, 34160690, 5634680, 456342, 18969112, 2918682);
INSERT INTO public."V_INSTRUCTOR_RESP_JUICIO_B"(
	"IRJ_ID", "AIR_ID", "INF_ID", "REA_ID", "NIS_FUN_INSTRUCTOR", "FIC_ID") VALUES (83467498, 34160689, 5634680, 456349, 18969112, 2918682);
INSERT INTO public."V_INSTRUCTOR_RESP_JUICIO_B"(
	"IRJ_ID", "AIR_ID", "INF_ID", "REA_ID", "NIS_FUN_INSTRUCTOR", "FIC_ID") VALUES (83467497, 34160688, 5634680, 457402, 18969112, 2918682);
INSERT INTO public."V_INSTRUCTOR_RESP_JUICIO_B"(
	"IRJ_ID", "AIR_ID", "INF_ID", "REA_ID", "NIS_FUN_INSTRUCTOR", "FIC_ID") VALUES (83467496, 34160687, 5634680, 457401, 18969112, 2918682);
INSERT INTO public."V_INSTRUCTOR_RESP_JUICIO_B"(
	"IRJ_ID", "AIR_ID", "INF_ID", "REA_ID", "NIS_FUN_INSTRUCTOR", "FIC_ID") VALUES (83467495, 34160686, 5634680, 457394, 18969112, 2918682);
INSERT INTO public."V_INSTRUCTOR_RESP_JUICIO_B"(
	"IRJ_ID", "AIR_ID", "INF_ID", "REA_ID", "NIS_FUN_INSTRUCTOR", "FIC_ID") VALUES (83467494, 34160685, 5634680, 456361, 18969112, 2918682);
INSERT INTO public."V_INSTRUCTOR_RESP_JUICIO_B"(
	"IRJ_ID", "AIR_ID", "INF_ID", "REA_ID", "NIS_FUN_INSTRUCTOR", "FIC_ID") VALUES (83467493, 34160684, 5634680, 457415, 18969112, 2918682);
INSERT INTO public."V_INSTRUCTOR_RESP_JUICIO_B"(
	"IRJ_ID", "AIR_ID", "INF_ID", "REA_ID", "NIS_FUN_INSTRUCTOR", "FIC_ID") VALUES (83467492, 34160683, 5634680, 457398, 18969112, 2918682);
INSERT INTO public."V_INSTRUCTOR_RESP_JUICIO_B"(
	"IRJ_ID", "AIR_ID", "INF_ID", "REA_ID", "NIS_FUN_INSTRUCTOR", "FIC_ID") VALUES (83467491, 34160682, 5634680, 457366, 18969112, 2918682);
INSERT INTO public."V_INSTRUCTOR_RESP_JUICIO_B"(
	"IRJ_ID", "AIR_ID", "INF_ID", "REA_ID", "NIS_FUN_INSTRUCTOR", "FIC_ID") VALUES (83467490, 34160681, 5634680, 457395, 18969112, 2918682);
INSERT INTO public."V_INSTRUCTOR_RESP_JUICIO_B"(
	"IRJ_ID", "AIR_ID", "INF_ID", "REA_ID", "NIS_FUN_INSTRUCTOR", "FIC_ID") VALUES (83467489, 34160680, 5634680, 463271, 18969112, 2918682);
INSERT INTO public."V_INSTRUCTOR_RESP_JUICIO_B"(
	"IRJ_ID", "AIR_ID", "INF_ID", "REA_ID", "NIS_FUN_INSTRUCTOR", "FIC_ID") VALUES (83467488, 34160679, 5634680, 457399, 18969112, 2918682);
INSERT INTO public."V_INSTRUCTOR_RESP_JUICIO_B"(
	"IRJ_ID", "AIR_ID", "INF_ID", "REA_ID", "NIS_FUN_INSTRUCTOR", "FIC_ID") VALUES (83467487, 34160678, 5634680, 457412, 18969112, 2918682);
INSERT INTO public."V_INSTRUCTOR_RESP_JUICIO_B"(
	"IRJ_ID", "AIR_ID", "INF_ID", "REA_ID", "NIS_FUN_INSTRUCTOR", "FIC_ID") VALUES (83467486, 34160677, 5634680, 457396, 18969112, 2918682);
INSERT INTO public."V_INSTRUCTOR_RESP_JUICIO_B"(
	"IRJ_ID", "AIR_ID", "INF_ID", "REA_ID", "NIS_FUN_INSTRUCTOR", "FIC_ID") VALUES (83467485, 34160676, 5634680, 456360, 18969112, 2918682);
INSERT INTO public."V_INSTRUCTOR_RESP_JUICIO_B"(
	"IRJ_ID", "AIR_ID", "INF_ID", "REA_ID", "NIS_FUN_INSTRUCTOR", "FIC_ID") VALUES (83467484, 34160675, 5634680, 456344, 18969112, 2918682);
INSERT INTO public."V_INSTRUCTOR_RESP_JUICIO_B"(
	"IRJ_ID", "AIR_ID", "INF_ID", "REA_ID", "NIS_FUN_INSTRUCTOR", "FIC_ID") VALUES (83467483, 34160674, 5634680, 457413, 18969112, 2918682);
INSERT INTO public."V_INSTRUCTOR_RESP_JUICIO_B"(
	"IRJ_ID", "AIR_ID", "INF_ID", "REA_ID", "NIS_FUN_INSTRUCTOR", "FIC_ID") VALUES (83467482, 34160673, 5634680, 457365, 18969112, 2918682);
INSERT INTO public."V_INSTRUCTOR_RESP_JUICIO_B"(
	"IRJ_ID", "AIR_ID", "INF_ID", "REA_ID", "NIS_FUN_INSTRUCTOR", "FIC_ID") VALUES (83467481, 34160672, 5634680, 457363, 18969112, 2918682);
INSERT INTO public."V_INSTRUCTOR_RESP_JUICIO_B"(
	"IRJ_ID", "AIR_ID", "INF_ID", "REA_ID", "NIS_FUN_INSTRUCTOR", "FIC_ID") VALUES (83467480, 34160671, 5634680, 456343, 18969112, 2918682);
INSERT INTO public."V_INSTRUCTOR_RESP_JUICIO_B"(
	"IRJ_ID", "AIR_ID", "INF_ID", "REA_ID", "NIS_FUN_INSTRUCTOR", "FIC_ID") VALUES (83467479, 34160670, 5634680, 456353, 18969112, 2918682);
INSERT INTO public."V_INSTRUCTOR_RESP_JUICIO_B"(
	"IRJ_ID", "AIR_ID", "INF_ID", "REA_ID", "NIS_FUN_INSTRUCTOR", "FIC_ID") VALUES (83467478, 34160669, 5634680, 456355, 18969112, 2918682);
INSERT INTO public."V_INSTRUCTOR_RESP_JUICIO_B"(
	"IRJ_ID", "AIR_ID", "INF_ID", "REA_ID", "NIS_FUN_INSTRUCTOR", "FIC_ID") VALUES (83467477, 34160668, 5634680, 456350, 18969112, 2918682);
INSERT INTO public."V_INSTRUCTOR_RESP_JUICIO_B"(
	"IRJ_ID", "AIR_ID", "INF_ID", "REA_ID", "NIS_FUN_INSTRUCTOR", "FIC_ID") VALUES (83467476, 34160667, 5634680, 457361, 18969112, 2918682);
INSERT INTO public."V_INSTRUCTOR_RESP_JUICIO_B"(
	"IRJ_ID", "AIR_ID", "INF_ID", "REA_ID", "NIS_FUN_INSTRUCTOR", "FIC_ID") VALUES (83467475, 34160666, 5634680, 456356, 18969112, 2918682);
INSERT INTO public."V_INSTRUCTOR_RESP_JUICIO_B"(
	"IRJ_ID", "AIR_ID", "INF_ID", "REA_ID", "NIS_FUN_INSTRUCTOR", "FIC_ID") VALUES (83467474, 34160665, 5634680, 456359, 18969112, 2918682);
INSERT INTO public."V_INSTRUCTOR_RESP_JUICIO_B"(
	"IRJ_ID", "AIR_ID", "INF_ID", "REA_ID", "NIS_FUN_INSTRUCTOR", "FIC_ID") VALUES (83467473, 34160664, 5634680, 457414, 18969112, 2918682);
INSERT INTO public."V_INSTRUCTOR_RESP_JUICIO_B"(
	"IRJ_ID", "AIR_ID", "INF_ID", "REA_ID", "NIS_FUN_INSTRUCTOR", "FIC_ID") VALUES (83467472, 34160663, 5634680, 457370, 18969112, 2918682);
INSERT INTO public."V_INSTRUCTOR_RESP_JUICIO_B"(
	"IRJ_ID", "AIR_ID", "INF_ID", "REA_ID", "NIS_FUN_INSTRUCTOR", "FIC_ID") VALUES (83467471, 34160662, 5634680, 457367, 18969112, 2918682);
INSERT INTO public."V_INSTRUCTOR_RESP_JUICIO_B"(
	"IRJ_ID", "AIR_ID", "INF_ID", "REA_ID", "NIS_FUN_INSTRUCTOR", "FIC_ID") VALUES (83467470, 34160661, 5634680, 457362, 18969112, 2918682);
INSERT INTO public."V_INSTRUCTOR_RESP_JUICIO_B"(
	"IRJ_ID", "AIR_ID", "INF_ID", "REA_ID", "NIS_FUN_INSTRUCTOR", "FIC_ID") VALUES (83467469, 34160260, 5634680, 457397, 18969112, 2918682);
INSERT INTO public."V_INSTRUCTOR_RESP_JUICIO_B"(
	"IRJ_ID", "AIR_ID", "INF_ID", "REA_ID", "NIS_FUN_INSTRUCTOR", "FIC_ID") VALUES (83467468, 34160259, 5634680, 457369, 18969112, 2918682);
INSERT INTO public."V_INSTRUCTOR_RESP_JUICIO_B"(
	"IRJ_ID", "AIR_ID", "INF_ID", "REA_ID", "NIS_FUN_INSTRUCTOR", "FIC_ID") VALUES (83467467, 34160258, 5634680, 457404, 18969112, 2918682);
INSERT INTO public."V_INSTRUCTOR_RESP_JUICIO_B"(
	"IRJ_ID", "AIR_ID", "INF_ID", "REA_ID", "NIS_FUN_INSTRUCTOR", "FIC_ID") VALUES (83467466, 34160257, 5634680, 456354, 18969112, 2918682);
INSERT INTO public."V_INSTRUCTOR_RESP_JUICIO_B"(
	"IRJ_ID", "AIR_ID", "INF_ID", "REA_ID", "NIS_FUN_INSTRUCTOR", "FIC_ID") VALUES (83467465, 34160256, 5634680, 456347, 18969112, 2918682);
INSERT INTO public."V_INSTRUCTOR_RESP_JUICIO_B"(
	"IRJ_ID", "AIR_ID", "INF_ID", "REA_ID", "NIS_FUN_INSTRUCTOR", "FIC_ID") VALUES (83467464, 34160255, 5634680, 456346, 18969112, 2918682);
INSERT INTO public."V_INSTRUCTOR_RESP_JUICIO_B"(
	"IRJ_ID", "AIR_ID", "INF_ID", "REA_ID", "NIS_FUN_INSTRUCTOR", "FIC_ID") VALUES (83467463, 34160254, 5634680, 456358, 18969112, 2918682);
INSERT INTO public."V_INSTRUCTOR_RESP_JUICIO_B"(
	"IRJ_ID", "AIR_ID", "INF_ID", "REA_ID", "NIS_FUN_INSTRUCTOR", "FIC_ID") VALUES (83467402, 34160253, 5634680, 456362, 18969112, 2918682);
INSERT INTO public."V_INSTRUCTOR_RESP_JUICIO_B"(
	"IRJ_ID", "AIR_ID", "INF_ID", "REA_ID", "NIS_FUN_INSTRUCTOR", "FIC_ID") VALUES (83467401, 34160252, 5634680, 456357, 18969112, 2918682);
INSERT INTO public."V_INSTRUCTOR_RESP_JUICIO_B"(
	"IRJ_ID", "AIR_ID", "INF_ID", "REA_ID", "NIS_FUN_INSTRUCTOR", "FIC_ID") VALUES (83467400, 34160251, 5634680, 456352, 18969112, 2918682);
INSERT INTO public."V_INSTRUCTOR_RESP_JUICIO_B"(
	"IRJ_ID", "AIR_ID", "INF_ID", "REA_ID", "NIS_FUN_INSTRUCTOR", "FIC_ID") VALUES (83467399, 34160250, 5634680, 456345, 18969112, 2918682);
INSERT INTO public."V_INSTRUCTOR_RESP_JUICIO_B"(
	"IRJ_ID", "AIR_ID", "INF_ID", "REA_ID", "NIS_FUN_INSTRUCTOR", "FIC_ID") VALUES (83467398, 34160249, 5634680, 456351, 18969112, 2918682);
INSERT INTO public."V_INSTRUCTOR_RESP_JUICIO_B"(
	"IRJ_ID", "AIR_ID", "INF_ID", "REA_ID", "NIS_FUN_INSTRUCTOR", "FIC_ID") VALUES (83467397, 34160248, 5634680, 457393, 18969112, 2918682);
INSERT INTO public."V_INSTRUCTOR_RESP_JUICIO_B"(
	"IRJ_ID", "AIR_ID", "INF_ID", "REA_ID", "NIS_FUN_INSTRUCTOR", "FIC_ID") VALUES (83467396, 34160247, 5634680, 456348, 18969112, 2918682);
INSERT INTO public."V_INSTRUCTOR_RESP_JUICIO_B"(
	"IRJ_ID", "AIR_ID", "INF_ID", "REA_ID", "NIS_FUN_INSTRUCTOR", "FIC_ID") VALUES (83467395, 34160246, 5634680, 456363, 18969112, 2918682);
INSERT INTO public."V_INSTRUCTOR_RESP_JUICIO_B"(
	"IRJ_ID", "AIR_ID", "INF_ID", "REA_ID", "NIS_FUN_INSTRUCTOR", "FIC_ID") VALUES (83467394, 34160245, 5634680, 457403, 18969112, 2918682);
INSERT INTO public."V_INSTRUCTOR_RESP_JUICIO_B"(
	"IRJ_ID", "AIR_ID", "INF_ID", "REA_ID", "NIS_FUN_INSTRUCTOR", "FIC_ID") VALUES (83467393, 34160244, 5634680, 463316, 18969112, 2918682);
INSERT INTO public."V_INSTRUCTOR_RESP_JUICIO_B"(
	"IRJ_ID", "AIR_ID", "INF_ID", "REA_ID", "NIS_FUN_INSTRUCTOR", "FIC_ID") VALUES (83467792, 34160696, 5634680, 463317, 18969112, 2918682);
INSERT INTO public."V_INSTRUCTOR_RESP_JUICIO_B"(
	"IRJ_ID", "AIR_ID", "INF_ID", "REA_ID", "NIS_FUN_INSTRUCTOR", "FIC_ID") VALUES (83467791, 34160695, 5634680, 457368, 18969112, 2918682);
INSERT INTO public."V_INSTRUCTOR_RESP_JUICIO_B"(
	"IRJ_ID", "AIR_ID", "INF_ID", "REA_ID", "NIS_FUN_INSTRUCTOR", "FIC_ID") VALUES (83467790, 34160694, 5634680, 457411, 18969112, 2918682);
INSERT INTO public."V_INSTRUCTOR_RESP_JUICIO_B"(
	"IRJ_ID", "AIR_ID", "INF_ID", "REA_ID", "NIS_FUN_INSTRUCTOR", "FIC_ID") VALUES (83471920, 35933619, 5634806, 644276, 31475063, 2915471);
INSERT INTO public."V_INSTRUCTOR_RESP_JUICIO_B"(
	"IRJ_ID", "AIR_ID", "INF_ID", "REA_ID", "NIS_FUN_INSTRUCTOR", "FIC_ID") VALUES (83471919, 35933618, 5634806, 644278, 31475063, 2915471);
INSERT INTO public."V_INSTRUCTOR_RESP_JUICIO_B"(
	"IRJ_ID", "AIR_ID", "INF_ID", "REA_ID", "NIS_FUN_INSTRUCTOR", "FIC_ID") VALUES (83471918, 35933617, 5634806, 644277, 31475063, 2915471);
INSERT INTO public."V_INSTRUCTOR_RESP_JUICIO_B"(
	"IRJ_ID", "AIR_ID", "INF_ID", "REA_ID", "NIS_FUN_INSTRUCTOR", "FIC_ID") VALUES (83471917, 35933616, 5634806, 644275, 31475063, 2915471);
INSERT INTO public."V_INSTRUCTOR_RESP_JUICIO_B"(
	"IRJ_ID", "AIR_ID", "INF_ID", "REA_ID", "NIS_FUN_INSTRUCTOR", "FIC_ID") VALUES (83471916, 35933615, 5634806, 595105, 31475063, 2915471);
INSERT INTO public."V_INSTRUCTOR_RESP_JUICIO_B"(
	"IRJ_ID", "AIR_ID", "INF_ID", "REA_ID", "NIS_FUN_INSTRUCTOR", "FIC_ID") VALUES (83471915, 35933614, 5634806, 595100, 31475063, 2915471);
INSERT INTO public."V_INSTRUCTOR_RESP_JUICIO_B"(
	"IRJ_ID", "AIR_ID", "INF_ID", "REA_ID", "NIS_FUN_INSTRUCTOR", "FIC_ID") VALUES (83471914, 35933613, 5634806, 595127, 31475063, 2915471);
INSERT INTO public."V_INSTRUCTOR_RESP_JUICIO_B"(
	"IRJ_ID", "AIR_ID", "INF_ID", "REA_ID", "NIS_FUN_INSTRUCTOR", "FIC_ID") VALUES (83471913, 35933612, 5634806, 595131, 31475063, 2915471);
INSERT INTO public."V_INSTRUCTOR_RESP_JUICIO_B"(
	"IRJ_ID", "AIR_ID", "INF_ID", "REA_ID", "NIS_FUN_INSTRUCTOR", "FIC_ID") VALUES (83471912, 35933611, 5634806, 595129, 31475063, 2915471);
INSERT INTO public."V_INSTRUCTOR_RESP_JUICIO_B"(
	"IRJ_ID", "AIR_ID", "INF_ID", "REA_ID", "NIS_FUN_INSTRUCTOR", "FIC_ID") VALUES (83471911, 35933610, 5634806, 595112, 31475063, 2915471);
INSERT INTO public."V_INSTRUCTOR_RESP_JUICIO_B"(
	"IRJ_ID", "AIR_ID", "INF_ID", "REA_ID", "NIS_FUN_INSTRUCTOR", "FIC_ID") VALUES (83471910, 35933609, 5634806, 595163, 31475063, 2915471);
INSERT INTO public."V_INSTRUCTOR_RESP_JUICIO_B"(
	"IRJ_ID", "AIR_ID", "INF_ID", "REA_ID", "NIS_FUN_INSTRUCTOR", "FIC_ID") VALUES (83471909, 35933608, 5634806, 595128, 31475063, 2915471);
INSERT INTO public."V_INSTRUCTOR_RESP_JUICIO_B"(
	"IRJ_ID", "AIR_ID", "INF_ID", "REA_ID", "NIS_FUN_INSTRUCTOR", "FIC_ID") VALUES (83471908, 35933607, 5634806, 644281, 31475063, 2915471);
INSERT INTO public."V_INSTRUCTOR_RESP_JUICIO_B"(
	"IRJ_ID", "AIR_ID", "INF_ID", "REA_ID", "NIS_FUN_INSTRUCTOR", "FIC_ID") VALUES (83471907, 35933606, 5634806, 595107, 31475063, 2915471);
INSERT INTO public."V_INSTRUCTOR_RESP_JUICIO_B"(
	"IRJ_ID", "AIR_ID", "INF_ID", "REA_ID", "NIS_FUN_INSTRUCTOR", "FIC_ID") VALUES (83471906, 35933605, 5634806, 595164, 31475063, 2915471);
INSERT INTO public."V_INSTRUCTOR_RESP_JUICIO_B"(
	"IRJ_ID", "AIR_ID", "INF_ID", "REA_ID", "NIS_FUN_INSTRUCTOR", "FIC_ID") VALUES (83471905, 35933604, 5634806, 595115, 31475063, 2915471);
INSERT INTO public."V_INSTRUCTOR_RESP_JUICIO_B"(
	"IRJ_ID", "AIR_ID", "INF_ID", "REA_ID", "NIS_FUN_INSTRUCTOR", "FIC_ID") VALUES (83471904, 35933603, 5634806, 595161, 31475063, 2915471);
INSERT INTO public."V_INSTRUCTOR_RESP_JUICIO_B"(
	"IRJ_ID", "AIR_ID", "INF_ID", "REA_ID", "NIS_FUN_INSTRUCTOR", "FIC_ID") VALUES (83471903, 35933602, 5634806, 595118, 31475063, 2915471);
INSERT INTO public."V_INSTRUCTOR_RESP_JUICIO_B"(
	"IRJ_ID", "AIR_ID", "INF_ID", "REA_ID", "NIS_FUN_INSTRUCTOR", "FIC_ID") VALUES (83471902, 35933601, 5634806, 595148, 31475063, 2915471);
INSERT INTO public."V_INSTRUCTOR_RESP_JUICIO_B"(
	"IRJ_ID", "AIR_ID", "INF_ID", "REA_ID", "NIS_FUN_INSTRUCTOR", "FIC_ID") VALUES (83471901, 35933600, 5634806, 595125, 31475063, 2915471);
INSERT INTO public."V_INSTRUCTOR_RESP_JUICIO_B"(
	"IRJ_ID", "AIR_ID", "INF_ID", "REA_ID", "NIS_FUN_INSTRUCTOR", "FIC_ID") VALUES (83471900, 35933599, 5634806, 595104, 31475063, 2915471);
INSERT INTO public."V_INSTRUCTOR_RESP_JUICIO_B"(
	"IRJ_ID", "AIR_ID", "INF_ID", "REA_ID", "NIS_FUN_INSTRUCTOR", "FIC_ID") VALUES (83471899, 35933598, 5634806, 595167, 31475063, 2915471);
INSERT INTO public."V_INSTRUCTOR_RESP_JUICIO_B"(
	"IRJ_ID", "AIR_ID", "INF_ID", "REA_ID", "NIS_FUN_INSTRUCTOR", "FIC_ID") VALUES (83471898, 35933597, 5634806, 595149, 31475063, 2915471);
INSERT INTO public."V_INSTRUCTOR_RESP_JUICIO_B"(
	"IRJ_ID", "AIR_ID", "INF_ID", "REA_ID", "NIS_FUN_INSTRUCTOR", "FIC_ID") VALUES (83471897, 35933596, 5634806, 595138, 31475063, 2915471);
INSERT INTO public."V_INSTRUCTOR_RESP_JUICIO_B"(
	"IRJ_ID", "AIR_ID", "INF_ID", "REA_ID", "NIS_FUN_INSTRUCTOR", "FIC_ID") VALUES (83471896, 35933595, 5634806, 595162, 31475063, 2915471);
INSERT INTO public."V_INSTRUCTOR_RESP_JUICIO_B"(
	"IRJ_ID", "AIR_ID", "INF_ID", "REA_ID", "NIS_FUN_INSTRUCTOR", "FIC_ID") VALUES (83471895, 35933594, 5634806, 595133, 31475063, 2915471);
INSERT INTO public."V_INSTRUCTOR_RESP_JUICIO_B"(
	"IRJ_ID", "AIR_ID", "INF_ID", "REA_ID", "NIS_FUN_INSTRUCTOR", "FIC_ID") VALUES (83471894, 35933593, 5634806, 644280, 31475063, 2915471);
INSERT INTO public."V_INSTRUCTOR_RESP_JUICIO_B"(
	"IRJ_ID", "AIR_ID", "INF_ID", "REA_ID", "NIS_FUN_INSTRUCTOR", "FIC_ID") VALUES (83471893, 35933592, 5634806, 595111, 31475063, 2915471);
INSERT INTO public."V_INSTRUCTOR_RESP_JUICIO_B"(
	"IRJ_ID", "AIR_ID", "INF_ID", "REA_ID", "NIS_FUN_INSTRUCTOR", "FIC_ID") VALUES (83471892, 35933591, 5634806, 595109, 31475063, 2915471);
INSERT INTO public."V_INSTRUCTOR_RESP_JUICIO_B"(
	"IRJ_ID", "AIR_ID", "INF_ID", "REA_ID", "NIS_FUN_INSTRUCTOR", "FIC_ID") VALUES (83471891, 35933590, 5634806, 595143, 31475063, 2915471);
INSERT INTO public."V_INSTRUCTOR_RESP_JUICIO_B"(
	"IRJ_ID", "AIR_ID", "INF_ID", "REA_ID", "NIS_FUN_INSTRUCTOR", "FIC_ID") VALUES (83471890, 35933589, 5634806, 595117, 31475063, 2915471);
INSERT INTO public."V_INSTRUCTOR_RESP_JUICIO_B"(
	"IRJ_ID", "AIR_ID", "INF_ID", "REA_ID", "NIS_FUN_INSTRUCTOR", "FIC_ID") VALUES (83471889, 35933588, 5634806, 595140, 31475063, 2915471);
INSERT INTO public."V_INSTRUCTOR_RESP_JUICIO_B"(
	"IRJ_ID", "AIR_ID", "INF_ID", "REA_ID", "NIS_FUN_INSTRUCTOR", "FIC_ID") VALUES (83471888, 35933587, 5634806, 595102, 31475063, 2915471);
INSERT INTO public."V_INSTRUCTOR_RESP_JUICIO_B"(
	"IRJ_ID", "AIR_ID", "INF_ID", "REA_ID", "NIS_FUN_INSTRUCTOR", "FIC_ID") VALUES (83471887, 35933586, 5634806, 595141, 31475063, 2915471);
INSERT INTO public."V_INSTRUCTOR_RESP_JUICIO_B"(
	"IRJ_ID", "AIR_ID", "INF_ID", "REA_ID", "NIS_FUN_INSTRUCTOR", "FIC_ID") VALUES (83471886, 35933585, 5634806, 595145, 31475063, 2915471);
INSERT INTO public."V_INSTRUCTOR_RESP_JUICIO_B"(
	"IRJ_ID", "AIR_ID", "INF_ID", "REA_ID", "NIS_FUN_INSTRUCTOR", "FIC_ID") VALUES (83471885, 35933584, 5634806, 595160, 31475063, 2915471);
INSERT INTO public."V_INSTRUCTOR_RESP_JUICIO_B"(
	"IRJ_ID", "AIR_ID", "INF_ID", "REA_ID", "NIS_FUN_INSTRUCTOR", "FIC_ID") VALUES (83471884, 35933583, 5634806, 595126, 31475063, 2915471);
INSERT INTO public."V_INSTRUCTOR_RESP_JUICIO_B"(
	"IRJ_ID", "AIR_ID", "INF_ID", "REA_ID", "NIS_FUN_INSTRUCTOR", "FIC_ID") VALUES (83471883, 35933582, 5634806, 595136, 31475063, 2915471);
INSERT INTO public."V_INSTRUCTOR_RESP_JUICIO_B"(
	"IRJ_ID", "AIR_ID", "INF_ID", "REA_ID", "NIS_FUN_INSTRUCTOR", "FIC_ID") VALUES (83471882, 35933581, 5634806, 644323, 31475063, 2915471);
INSERT INTO public."V_INSTRUCTOR_RESP_JUICIO_B"(
	"IRJ_ID", "AIR_ID", "INF_ID", "REA_ID", "NIS_FUN_INSTRUCTOR", "FIC_ID") VALUES (83471881, 35933580, 5634806, 595168, 31475063, 2915471);
INSERT INTO public."V_INSTRUCTOR_RESP_JUICIO_B"(
	"IRJ_ID", "AIR_ID", "INF_ID", "REA_ID", "NIS_FUN_INSTRUCTOR", "FIC_ID") VALUES (83471880, 35933579, 5634806, 595110, 31475063, 2915471);
INSERT INTO public."V_INSTRUCTOR_RESP_JUICIO_B"(
	"IRJ_ID", "AIR_ID", "INF_ID", "REA_ID", "NIS_FUN_INSTRUCTOR", "FIC_ID") VALUES (83471879, 35933578, 5634806, 595152, 31475063, 2915471);
INSERT INTO public."V_INSTRUCTOR_RESP_JUICIO_B"(
	"IRJ_ID", "AIR_ID", "INF_ID", "REA_ID", "NIS_FUN_INSTRUCTOR", "FIC_ID") VALUES (83471878, 35933577, 5634806, 595113, 31475063, 2915471);
INSERT INTO public."V_INSTRUCTOR_RESP_JUICIO_B"(
	"IRJ_ID", "AIR_ID", "INF_ID", "REA_ID", "NIS_FUN_INSTRUCTOR", "FIC_ID") VALUES (83471877, 35933576, 5634806, 595120, 31475063, 2915471);
INSERT INTO public."V_INSTRUCTOR_RESP_JUICIO_B"(
	"IRJ_ID", "AIR_ID", "INF_ID", "REA_ID", "NIS_FUN_INSTRUCTOR", "FIC_ID") VALUES (83471876, 35933575, 5634806, 644282, 31475063, 2915471);
INSERT INTO public."V_INSTRUCTOR_RESP_JUICIO_B"(
	"IRJ_ID", "AIR_ID", "INF_ID", "REA_ID", "NIS_FUN_INSTRUCTOR", "FIC_ID") VALUES (83471875, 35933574, 5634806, 595137, 31475063, 2915471);
INSERT INTO public."V_INSTRUCTOR_RESP_JUICIO_B"(
	"IRJ_ID", "AIR_ID", "INF_ID", "REA_ID", "NIS_FUN_INSTRUCTOR", "FIC_ID") VALUES (83471874, 35933573, 5634806, 595116, 31475063, 2915471);
INSERT INTO public."V_INSTRUCTOR_RESP_JUICIO_B"(
	"IRJ_ID", "AIR_ID", "INF_ID", "REA_ID", "NIS_FUN_INSTRUCTOR", "FIC_ID") VALUES (83471873, 35933572, 5634806, 595106, 31475063, 2915471);
INSERT INTO public."V_INSTRUCTOR_RESP_JUICIO_B"(
	"IRJ_ID", "AIR_ID", "INF_ID", "REA_ID", "NIS_FUN_INSTRUCTOR", "FIC_ID") VALUES (83471872, 35933571, 5634806, 595130, 31475063, 2915471);
INSERT INTO public."V_INSTRUCTOR_RESP_JUICIO_B"(
	"IRJ_ID", "AIR_ID", "INF_ID", "REA_ID", "NIS_FUN_INSTRUCTOR", "FIC_ID") VALUES (83471871, 35933570, 5634806, 595150, 31475063, 2915471);
INSERT INTO public."V_INSTRUCTOR_RESP_JUICIO_B"(
	"IRJ_ID", "AIR_ID", "INF_ID", "REA_ID", "NIS_FUN_INSTRUCTOR", "FIC_ID") VALUES (83471870, 35933569, 5634806, 595146, 31475063, 2915471);
INSERT INTO public."V_INSTRUCTOR_RESP_JUICIO_B"(
	"IRJ_ID", "AIR_ID", "INF_ID", "REA_ID", "NIS_FUN_INSTRUCTOR", "FIC_ID") VALUES (83471869, 35933568, 5634806, 595135, 31475063, 2915471);
INSERT INTO public."V_INSTRUCTOR_RESP_JUICIO_B"(
	"IRJ_ID", "AIR_ID", "INF_ID", "REA_ID", "NIS_FUN_INSTRUCTOR", "FIC_ID") VALUES (83471868, 35933567, 5634806, 595101, 31475063, 2915471);
INSERT INTO public."V_INSTRUCTOR_RESP_JUICIO_B"(
	"IRJ_ID", "AIR_ID", "INF_ID", "REA_ID", "NIS_FUN_INSTRUCTOR", "FIC_ID") VALUES (83471867, 35933566, 5634806, 595166, 31475063, 2915471);
INSERT INTO public."V_INSTRUCTOR_RESP_JUICIO_B"(
	"IRJ_ID", "AIR_ID", "INF_ID", "REA_ID", "NIS_FUN_INSTRUCTOR", "FIC_ID") VALUES (83471866, 35933565, 5634806, 595142, 31475063, 2915471);
INSERT INTO public."V_INSTRUCTOR_RESP_JUICIO_B"(
	"IRJ_ID", "AIR_ID", "INF_ID", "REA_ID", "NIS_FUN_INSTRUCTOR", "FIC_ID") VALUES (83471865, 35933564, 5634806, 595159, 31475063, 2915471);
INSERT INTO public."V_INSTRUCTOR_RESP_JUICIO_B"(
	"IRJ_ID", "AIR_ID", "INF_ID", "REA_ID", "NIS_FUN_INSTRUCTOR", "FIC_ID") VALUES (83471864, 35933563, 5634806, 595119, 31475063, 2915471);
INSERT INTO public."V_INSTRUCTOR_RESP_JUICIO_B"(
	"IRJ_ID", "AIR_ID", "INF_ID", "REA_ID", "NIS_FUN_INSTRUCTOR", "FIC_ID") VALUES (83471863, 35933562, 5634806, 595139, 31475063, 2915471);
INSERT INTO public."V_INSTRUCTOR_RESP_JUICIO_B"(
	"IRJ_ID", "AIR_ID", "INF_ID", "REA_ID", "NIS_FUN_INSTRUCTOR", "FIC_ID") VALUES (83471862, 35933561, 5634806, 644279, 31475063, 2915471);
INSERT INTO public."V_INSTRUCTOR_RESP_JUICIO_B"(
	"IRJ_ID", "AIR_ID", "INF_ID", "REA_ID", "NIS_FUN_INSTRUCTOR", "FIC_ID") VALUES (83471861, 35933480, 5634806, 595132, 31475063, 2915471);
INSERT INTO public."V_INSTRUCTOR_RESP_JUICIO_B"(
	"IRJ_ID", "AIR_ID", "INF_ID", "REA_ID", "NIS_FUN_INSTRUCTOR", "FIC_ID") VALUES (83471860, 35933479, 5634806, 595114, 31475063, 2915471);
INSERT INTO public."V_INSTRUCTOR_RESP_JUICIO_B"(
	"IRJ_ID", "AIR_ID", "INF_ID", "REA_ID", "NIS_FUN_INSTRUCTOR", "FIC_ID") VALUES (83471859, 35933478, 5634806, 595108, 31475063, 2915471);
INSERT INTO public."V_INSTRUCTOR_RESP_JUICIO_B"(
	"IRJ_ID", "AIR_ID", "INF_ID", "REA_ID", "NIS_FUN_INSTRUCTOR", "FIC_ID") VALUES (83471858, 35933477, 5634806, 595134, 31475063, 2915471);
INSERT INTO public."V_INSTRUCTOR_RESP_JUICIO_B"(
	"IRJ_ID", "AIR_ID", "INF_ID", "REA_ID", "NIS_FUN_INSTRUCTOR", "FIC_ID") VALUES (83471857, 35933476, 5634806, 595103, 31475063, 2915471);
INSERT INTO public."V_INSTRUCTOR_RESP_JUICIO_B"(
	"IRJ_ID", "AIR_ID", "INF_ID", "REA_ID", "NIS_FUN_INSTRUCTOR", "FIC_ID") VALUES (83471856, 35933475, 5634806, 595158, 31475063, 2915471);
INSERT INTO public."V_INSTRUCTOR_RESP_JUICIO_B"(
	"IRJ_ID", "AIR_ID", "INF_ID", "REA_ID", "NIS_FUN_INSTRUCTOR", "FIC_ID") VALUES (83471855, 35933474, 5634806, 595144, 31475063, 2915471);
INSERT INTO public."V_INSTRUCTOR_RESP_JUICIO_B"(
	"IRJ_ID", "AIR_ID", "INF_ID", "REA_ID", "NIS_FUN_INSTRUCTOR", "FIC_ID") VALUES (83471854, 35933473, 5634806, 595147, 31475063, 2915471);
INSERT INTO public."V_INSTRUCTOR_RESP_JUICIO_B"(
	"IRJ_ID", "AIR_ID", "INF_ID", "REA_ID", "NIS_FUN_INSTRUCTOR", "FIC_ID") VALUES (83471853, 35933472, 5634806, 595151, 31475063, 2915471);
INSERT INTO public."V_INSTRUCTOR_RESP_JUICIO_B"(
	"IRJ_ID", "AIR_ID", "INF_ID", "REA_ID", "NIS_FUN_INSTRUCTOR", "FIC_ID") VALUES (83471852, 35933471, 5634806, 595165, 31475063, 2915471);
INSERT INTO public."V_INSTRUCTOR_RESP_JUICIO_B"(
	"IRJ_ID", "AIR_ID", "INF_ID", "REA_ID", "NIS_FUN_INSTRUCTOR", "FIC_ID") VALUES (83478251, 37671899, 5635227, 685374, 15709347, 2910638);
INSERT INTO public."V_INSTRUCTOR_RESP_JUICIO_B"(
	"IRJ_ID", "AIR_ID", "INF_ID", "REA_ID", "NIS_FUN_INSTRUCTOR", "FIC_ID") VALUES (83478250, 37671898, 5635227, 685380, 15709347, 2910638);
INSERT INTO public."V_INSTRUCTOR_RESP_JUICIO_B"(
	"IRJ_ID", "AIR_ID", "INF_ID", "REA_ID", "NIS_FUN_INSTRUCTOR", "FIC_ID") VALUES (83478249, 37671897, 5635227, 685410, 15709347, 2910638);
INSERT INTO public."V_INSTRUCTOR_RESP_JUICIO_B"(
	"IRJ_ID", "AIR_ID", "INF_ID", "REA_ID", "NIS_FUN_INSTRUCTOR", "FIC_ID") VALUES (83478248, 37671896, 5635227, 685381, 15709347, 2910638);
INSERT INTO public."V_INSTRUCTOR_RESP_JUICIO_B"(
	"IRJ_ID", "AIR_ID", "INF_ID", "REA_ID", "NIS_FUN_INSTRUCTOR", "FIC_ID") VALUES (83478247, 37671895, 5635227, 685285, 15709347, 2910638);
INSERT INTO public."V_INSTRUCTOR_RESP_JUICIO_B"(
	"IRJ_ID", "AIR_ID", "INF_ID", "REA_ID", "NIS_FUN_INSTRUCTOR", "FIC_ID") VALUES (83478246, 37671894, 5635227, 685418, 15709347, 2910638);
INSERT INTO public."V_INSTRUCTOR_RESP_JUICIO_B"(
	"IRJ_ID", "AIR_ID", "INF_ID", "REA_ID", "NIS_FUN_INSTRUCTOR", "FIC_ID") VALUES (83478245, 37671893, 5635227, 685376, 15709347, 2910638);
INSERT INTO public."V_INSTRUCTOR_RESP_JUICIO_B"(
	"IRJ_ID", "AIR_ID", "INF_ID", "REA_ID", "NIS_FUN_INSTRUCTOR", "FIC_ID") VALUES (83478244, 37671892, 5635227, 685378, 15709347, 2910638);
INSERT INTO public."V_INSTRUCTOR_RESP_JUICIO_B"(
	"IRJ_ID", "AIR_ID", "INF_ID", "REA_ID", "NIS_FUN_INSTRUCTOR", "FIC_ID") VALUES (83478243, 37671891, 5635227, 685420, 15709347, 2910638);
INSERT INTO public."V_INSTRUCTOR_RESP_JUICIO_B"(
	"IRJ_ID", "AIR_ID", "INF_ID", "REA_ID", "NIS_FUN_INSTRUCTOR", "FIC_ID") VALUES (83478242, 37671890, 5635227, 685286, 15709347, 2910638);
INSERT INTO public."V_INSTRUCTOR_RESP_JUICIO_B"(
	"IRJ_ID", "AIR_ID", "INF_ID", "REA_ID", "NIS_FUN_INSTRUCTOR", "FIC_ID") VALUES (83478241, 37671889, 5635227, 685377, 15709347, 2910638);
INSERT INTO public."V_INSTRUCTOR_RESP_JUICIO_B"(
	"IRJ_ID", "AIR_ID", "INF_ID", "REA_ID", "NIS_FUN_INSTRUCTOR", "FIC_ID") VALUES (83478240, 37671888, 5635227, 685419, 15709347, 2910638);
INSERT INTO public."V_INSTRUCTOR_RESP_JUICIO_B"(
	"IRJ_ID", "AIR_ID", "INF_ID", "REA_ID", "NIS_FUN_INSTRUCTOR", "FIC_ID") VALUES (83478239, 37671747, 5635227, 685379, 15709347, 2910638);
INSERT INTO public."V_INSTRUCTOR_RESP_JUICIO_B"(
	"IRJ_ID", "AIR_ID", "INF_ID", "REA_ID", "NIS_FUN_INSTRUCTOR", "FIC_ID") VALUES (83478238, 37671746, 5635227, 685417, 15709347, 2910638);
INSERT INTO public."V_INSTRUCTOR_RESP_JUICIO_B"(
	"IRJ_ID", "AIR_ID", "INF_ID", "REA_ID", "NIS_FUN_INSTRUCTOR", "FIC_ID") VALUES (83478237, 37671745, 5635227, 685287, 15709347, 2910638);
INSERT INTO public."V_INSTRUCTOR_RESP_JUICIO_B"(
	"IRJ_ID", "AIR_ID", "INF_ID", "REA_ID", "NIS_FUN_INSTRUCTOR", "FIC_ID") VALUES (83478236, 37671744, 5635227, 685367, 15709347, 2910638);
INSERT INTO public."V_INSTRUCTOR_RESP_JUICIO_B"(
	"IRJ_ID", "AIR_ID", "INF_ID", "REA_ID", "NIS_FUN_INSTRUCTOR", "FIC_ID") VALUES (83478235, 37671743, 5635227, 685366, 15709347, 2910638);
INSERT INTO public."V_INSTRUCTOR_RESP_JUICIO_B"(
	"IRJ_ID", "AIR_ID", "INF_ID", "REA_ID", "NIS_FUN_INSTRUCTOR", "FIC_ID") VALUES (83478234, 37671742, 5635227, 685405, 15709347, 2910638);
INSERT INTO public."V_INSTRUCTOR_RESP_JUICIO_B"(
	"IRJ_ID", "AIR_ID", "INF_ID", "REA_ID", "NIS_FUN_INSTRUCTOR", "FIC_ID") VALUES (83478233, 37671741, 5635227, 685383, 15709347, 2910638);
INSERT INTO public."V_INSTRUCTOR_RESP_JUICIO_B"(
	"IRJ_ID", "AIR_ID", "INF_ID", "REA_ID", "NIS_FUN_INSTRUCTOR", "FIC_ID") VALUES (83478232, 37671740, 5635227, 685409, 15709347, 2910638);
INSERT INTO public."V_INSTRUCTOR_RESP_JUICIO_B"(
	"IRJ_ID", "AIR_ID", "INF_ID", "REA_ID", "NIS_FUN_INSTRUCTOR", "FIC_ID") VALUES (83478231, 37671739, 5635227, 685406, 15709347, 2910638);
INSERT INTO public."V_INSTRUCTOR_RESP_JUICIO_B"(
	"IRJ_ID", "AIR_ID", "INF_ID", "REA_ID", "NIS_FUN_INSTRUCTOR", "FIC_ID") VALUES (83478230, 37671738, 5635227, 685369, 15709347, 2910638);
INSERT INTO public."V_INSTRUCTOR_RESP_JUICIO_B"(
	"IRJ_ID", "AIR_ID", "INF_ID", "REA_ID", "NIS_FUN_INSTRUCTOR", "FIC_ID") VALUES (83478229, 37671737, 5635227, 685368, 15709347, 2910638);
INSERT INTO public."V_INSTRUCTOR_RESP_JUICIO_B"(
	"IRJ_ID", "AIR_ID", "INF_ID", "REA_ID", "NIS_FUN_INSTRUCTOR", "FIC_ID") VALUES (83478228, 37671736, 5635227, 685408, 15709347, 2910638);
INSERT INTO public."V_INSTRUCTOR_RESP_JUICIO_B"(
	"IRJ_ID", "AIR_ID", "INF_ID", "REA_ID", "NIS_FUN_INSTRUCTOR", "FIC_ID") VALUES (83478227, 37671735, 5635227, 685382, 15709347, 2910638);
INSERT INTO public."V_INSTRUCTOR_RESP_JUICIO_B"(
	"IRJ_ID", "AIR_ID", "INF_ID", "REA_ID", "NIS_FUN_INSTRUCTOR", "FIC_ID") VALUES (83478226, 37671734, 5635227, 685407, 15709347, 2910638);
INSERT INTO public."V_INSTRUCTOR_RESP_JUICIO_B"(
	"IRJ_ID", "AIR_ID", "INF_ID", "REA_ID", "NIS_FUN_INSTRUCTOR", "FIC_ID") VALUES (83478225, 37671733, 5635227, 685411, 15709347, 2910638);
INSERT INTO public."V_INSTRUCTOR_RESP_JUICIO_B"(
	"IRJ_ID", "AIR_ID", "INF_ID", "REA_ID", "NIS_FUN_INSTRUCTOR", "FIC_ID") VALUES (83478224, 37671732, 5635227, 685365, 15709347, 2910638);
INSERT INTO public."V_INSTRUCTOR_RESP_JUICIO_B"(
	"IRJ_ID", "AIR_ID", "INF_ID", "REA_ID", "NIS_FUN_INSTRUCTOR", "FIC_ID") VALUES (83478223, 37671731, 5635227, 684565, 15709347, 2910638);
INSERT INTO public."V_INSTRUCTOR_RESP_JUICIO_B"(
	"IRJ_ID", "AIR_ID", "INF_ID", "REA_ID", "NIS_FUN_INSTRUCTOR", "FIC_ID") VALUES (83478222, 37671730, 5635227, 685412, 15709347, 2910638);
INSERT INTO public."V_INSTRUCTOR_RESP_JUICIO_B"(
	"IRJ_ID", "AIR_ID", "INF_ID", "REA_ID", "NIS_FUN_INSTRUCTOR", "FIC_ID") VALUES (83478161, 37671912, 5635227, 685416, 15709347, 2910638);
INSERT INTO public."V_INSTRUCTOR_RESP_JUICIO_B"(
	"IRJ_ID", "AIR_ID", "INF_ID", "REA_ID", "NIS_FUN_INSTRUCTOR", "FIC_ID") VALUES (83478160, 37671911, 5635227, 685415, 15709347, 2910638);
INSERT INTO public."V_INSTRUCTOR_RESP_JUICIO_B"(
	"IRJ_ID", "AIR_ID", "INF_ID", "REA_ID", "NIS_FUN_INSTRUCTOR", "FIC_ID") VALUES (83478159, 37671910, 5635227, 685414, 15709347, 2910638);
INSERT INTO public."V_INSTRUCTOR_RESP_JUICIO_B"(
	"IRJ_ID", "AIR_ID", "INF_ID", "REA_ID", "NIS_FUN_INSTRUCTOR", "FIC_ID") VALUES (83478158, 37671909, 5635227, 685413, 15709347, 2910638);
INSERT INTO public."V_INSTRUCTOR_RESP_JUICIO_B"(
	"IRJ_ID", "AIR_ID", "INF_ID", "REA_ID", "NIS_FUN_INSTRUCTOR", "FIC_ID") VALUES (83478157, 37671908, 5635227, 685370, 15709347, 2910638);
INSERT INTO public."V_INSTRUCTOR_RESP_JUICIO_B"(
	"IRJ_ID", "AIR_ID", "INF_ID", "REA_ID", "NIS_FUN_INSTRUCTOR", "FIC_ID") VALUES (83478156, 37671907, 5635227, 685373, 15709347, 2910638);
INSERT INTO public."V_INSTRUCTOR_RESP_JUICIO_B"(
	"IRJ_ID", "AIR_ID", "INF_ID", "REA_ID", "NIS_FUN_INSTRUCTOR", "FIC_ID") VALUES (83478155, 37671906, 5635227, 685423, 15709347, 2910638);
INSERT INTO public."V_INSTRUCTOR_RESP_JUICIO_B"(
	"IRJ_ID", "AIR_ID", "INF_ID", "REA_ID", "NIS_FUN_INSTRUCTOR", "FIC_ID") VALUES (83478154, 37671905, 5635227, 685372, 15709347, 2910638);
INSERT INTO public."V_INSTRUCTOR_RESP_JUICIO_B"(
	"IRJ_ID", "AIR_ID", "INF_ID", "REA_ID", "NIS_FUN_INSTRUCTOR", "FIC_ID") VALUES (83478153, 37671904, 5635227, 685375, 15709347, 2910638);
INSERT INTO public."V_INSTRUCTOR_RESP_JUICIO_B"(
	"IRJ_ID", "AIR_ID", "INF_ID", "REA_ID", "NIS_FUN_INSTRUCTOR", "FIC_ID") VALUES (83478152, 37671903, 5635227, 685424, 15709347, 2910638);
INSERT INTO public."V_INSTRUCTOR_RESP_JUICIO_B"(
	"IRJ_ID", "AIR_ID", "INF_ID", "REA_ID", "NIS_FUN_INSTRUCTOR", "FIC_ID") VALUES (83478151, 37671902, 5635227, 685371, 15709347, 2910638);
INSERT INTO public."V_INSTRUCTOR_RESP_JUICIO_B"(
	"IRJ_ID", "AIR_ID", "INF_ID", "REA_ID", "NIS_FUN_INSTRUCTOR", "FIC_ID") VALUES (83478150, 37671901, 5635227, 685422, 15709347, 2910638);
INSERT INTO public."V_INSTRUCTOR_RESP_JUICIO_B"(
	"IRJ_ID", "AIR_ID", "INF_ID", "REA_ID", "NIS_FUN_INSTRUCTOR", "FIC_ID") VALUES (83478149, 37671900, 5635227, 685421, 15709347, 2910638);
INSERT INTO public."V_INSTRUCTOR_RESP_JUICIO_B"(
	"IRJ_ID", "AIR_ID", "INF_ID", "REA_ID", "NIS_FUN_INSTRUCTOR", "FIC_ID") VALUES (83483293, 36292432, 5635407, 611189, 8031503, 2913317);
INSERT INTO public."V_INSTRUCTOR_RESP_JUICIO_B"(
	"IRJ_ID", "AIR_ID", "INF_ID", "REA_ID", "NIS_FUN_INSTRUCTOR", "FIC_ID") VALUES (83483292, 36292431, 5635407, 611188, 8031503, 2913317);
INSERT INTO public."V_INSTRUCTOR_RESP_JUICIO_B"(
	"IRJ_ID", "AIR_ID", "INF_ID", "REA_ID", "NIS_FUN_INSTRUCTOR", "FIC_ID") VALUES (83483291, 36292430, 5635407, 611191, 8031503, 2913317);
INSERT INTO public."V_INSTRUCTOR_RESP_JUICIO_B"(
	"IRJ_ID", "AIR_ID", "INF_ID", "REA_ID", "NIS_FUN_INSTRUCTOR", "FIC_ID") VALUES (83483290, 36292429, 5635407, 611190, 8031503, 2913317);
INSERT INTO public."V_INSTRUCTOR_RESP_JUICIO_B"(
	"IRJ_ID", "AIR_ID", "INF_ID", "REA_ID", "NIS_FUN_INSTRUCTOR", "FIC_ID") VALUES (83483289, 36292428, 5635407, 611105, 8031503, 2913317);
INSERT INTO public."V_INSTRUCTOR_RESP_JUICIO_B"(
	"IRJ_ID", "AIR_ID", "INF_ID", "REA_ID", "NIS_FUN_INSTRUCTOR", "FIC_ID") VALUES (83483288, 36292427, 5635407, 611101, 8031503, 2913317);
INSERT INTO public."V_INSTRUCTOR_RESP_JUICIO_B"(
	"IRJ_ID", "AIR_ID", "INF_ID", "REA_ID", "NIS_FUN_INSTRUCTOR", "FIC_ID") VALUES (83483287, 36292426, 5635407, 611104, 8031503, 2913317);
INSERT INTO public."V_INSTRUCTOR_RESP_JUICIO_B"(
	"IRJ_ID", "AIR_ID", "INF_ID", "REA_ID", "NIS_FUN_INSTRUCTOR", "FIC_ID") VALUES (83483286, 36292425, 5635407, 611102, 8031503, 2913317);
INSERT INTO public."V_INSTRUCTOR_RESP_JUICIO_B"(
	"IRJ_ID", "AIR_ID", "INF_ID", "REA_ID", "NIS_FUN_INSTRUCTOR", "FIC_ID") VALUES (83483285, 36292424, 5635407, 611103, 8031503, 2913317);
INSERT INTO public."V_INSTRUCTOR_RESP_JUICIO_B"(
	"IRJ_ID", "AIR_ID", "INF_ID", "REA_ID", "NIS_FUN_INSTRUCTOR", "FIC_ID") VALUES (83483284, 36292423, 5635407, 611106, 8031503, 2913317);
INSERT INTO public."V_INSTRUCTOR_RESP_JUICIO_B"(
	"IRJ_ID", "AIR_ID", "INF_ID", "REA_ID", "NIS_FUN_INSTRUCTOR", "FIC_ID") VALUES (83483283, 36292422, 5635407, 611195, 8031503, 2913317);
INSERT INTO public."V_INSTRUCTOR_RESP_JUICIO_B"(
	"IRJ_ID", "AIR_ID", "INF_ID", "REA_ID", "NIS_FUN_INSTRUCTOR", "FIC_ID") VALUES (83483282, 36292421, 5635407, 611194, 8031503, 2913317);
INSERT INTO public."V_INSTRUCTOR_RESP_JUICIO_B"(
	"IRJ_ID", "AIR_ID", "INF_ID", "REA_ID", "NIS_FUN_INSTRUCTOR", "FIC_ID") VALUES (83483281, 36292420, 5635407, 611193, 8031503, 2913317);
INSERT INTO public."V_INSTRUCTOR_RESP_JUICIO_B"(
	"IRJ_ID", "AIR_ID", "INF_ID", "REA_ID", "NIS_FUN_INSTRUCTOR", "FIC_ID") VALUES (83483280, 36292419, 5635407, 611192, 8031503, 2913317);
INSERT INTO public."V_INSTRUCTOR_RESP_JUICIO_B"(
	"IRJ_ID", "AIR_ID", "INF_ID", "REA_ID", "NIS_FUN_INSTRUCTOR", "FIC_ID") VALUES (83483279, 36292418, 5635407, 667723, 8031503, 2913317);
INSERT INTO public."V_INSTRUCTOR_RESP_JUICIO_B"(
	"IRJ_ID", "AIR_ID", "INF_ID", "REA_ID", "NIS_FUN_INSTRUCTOR", "FIC_ID") VALUES (83483278, 36292417, 5635407, 667766, 8031503, 2913317);
INSERT INTO public."V_INSTRUCTOR_RESP_JUICIO_B"(
	"IRJ_ID", "AIR_ID", "INF_ID", "REA_ID", "NIS_FUN_INSTRUCTOR", "FIC_ID") VALUES (83483277, 36292416, 5635407, 669168, 8031503, 2913317);
INSERT INTO public."V_INSTRUCTOR_RESP_JUICIO_B"(
	"IRJ_ID", "AIR_ID", "INF_ID", "REA_ID", "NIS_FUN_INSTRUCTOR", "FIC_ID") VALUES (83483276, 36292415, 5635407, 669163, 8031503, 2913317);
INSERT INTO public."V_INSTRUCTOR_RESP_JUICIO_B"(
	"IRJ_ID", "AIR_ID", "INF_ID", "REA_ID", "NIS_FUN_INSTRUCTOR", "FIC_ID") VALUES (83483275, 36292414, 5635407, 669124, 8031503, 2913317);
INSERT INTO public."V_INSTRUCTOR_RESP_JUICIO_B"(
	"IRJ_ID", "AIR_ID", "INF_ID", "REA_ID", "NIS_FUN_INSTRUCTOR", "FIC_ID") VALUES (83483274, 36292413, 5635407, 669169, 8031503, 2913317);
INSERT INTO public."V_INSTRUCTOR_RESP_JUICIO_B"(
	"IRJ_ID", "AIR_ID", "INF_ID", "REA_ID", "NIS_FUN_INSTRUCTOR", "FIC_ID") VALUES (83483273, 36292412, 5635407, 669167, 8031503, 2913317);
INSERT INTO public."V_INSTRUCTOR_RESP_JUICIO_B"(
	"IRJ_ID", "AIR_ID", "INF_ID", "REA_ID", "NIS_FUN_INSTRUCTOR", "FIC_ID") VALUES (83483272, 36292411, 5635407, 669164, 8031503, 2913317);
INSERT INTO public."V_INSTRUCTOR_RESP_JUICIO_B"(
	"IRJ_ID", "AIR_ID", "INF_ID", "REA_ID", "NIS_FUN_INSTRUCTOR", "FIC_ID") VALUES (83483271, 36292410, 5635407, 669123, 8031503, 2913317);
INSERT INTO public."V_INSTRUCTOR_RESP_JUICIO_B"(
	"IRJ_ID", "AIR_ID", "INF_ID", "REA_ID", "NIS_FUN_INSTRUCTOR", "FIC_ID") VALUES (83483270, 36292409, 5635407, 667763, 8031503, 2913317);
INSERT INTO public."V_INSTRUCTOR_RESP_JUICIO_B"(
	"IRJ_ID", "AIR_ID", "INF_ID", "REA_ID", "NIS_FUN_INSTRUCTOR", "FIC_ID") VALUES (83483269, 36292408, 5635407, 667725, 8031503, 2913317);
INSERT INTO public."V_INSTRUCTOR_RESP_JUICIO_B"(
	"IRJ_ID", "AIR_ID", "INF_ID", "REA_ID", "NIS_FUN_INSTRUCTOR", "FIC_ID") VALUES (83483268, 36292407, 5635407, 667724, 8031503, 2913317);
INSERT INTO public."V_INSTRUCTOR_RESP_JUICIO_B"(
	"IRJ_ID", "AIR_ID", "INF_ID", "REA_ID", "NIS_FUN_INSTRUCTOR", "FIC_ID") VALUES (83483267, 36292406, 5635407, 667765, 8031503, 2913317);
INSERT INTO public."V_INSTRUCTOR_RESP_JUICIO_B"(
	"IRJ_ID", "AIR_ID", "INF_ID", "REA_ID", "NIS_FUN_INSTRUCTOR", "FIC_ID") VALUES (83483266, 36292405, 5635407, 667726, 8031503, 2913317);
INSERT INTO public."V_INSTRUCTOR_RESP_JUICIO_B"(
	"IRJ_ID", "AIR_ID", "INF_ID", "REA_ID", "NIS_FUN_INSTRUCTOR", "FIC_ID") VALUES (83483265, 36292404, 5635407, 667764, 8031503, 2913317);
INSERT INTO public."V_INSTRUCTOR_RESP_JUICIO_B"(
	"IRJ_ID", "AIR_ID", "INF_ID", "REA_ID", "NIS_FUN_INSTRUCTOR", "FIC_ID") VALUES (83483264, 36292403, 5635407, 611165, 8031503, 2913317);
INSERT INTO public."V_INSTRUCTOR_RESP_JUICIO_B"(
	"IRJ_ID", "AIR_ID", "INF_ID", "REA_ID", "NIS_FUN_INSTRUCTOR", "FIC_ID") VALUES (83483263, 36292402, 5635407, 611166, 8031503, 2913317);
INSERT INTO public."V_INSTRUCTOR_RESP_JUICIO_B"(
	"IRJ_ID", "AIR_ID", "INF_ID", "REA_ID", "NIS_FUN_INSTRUCTOR", "FIC_ID") VALUES (83483182, 36292401, 5635407, 611182, 8031503, 2913317);
INSERT INTO public."V_INSTRUCTOR_RESP_JUICIO_B"(
	"IRJ_ID", "AIR_ID", "INF_ID", "REA_ID", "NIS_FUN_INSTRUCTOR", "FIC_ID") VALUES (83483181, 36292400, 5635407, 611200, 8031503, 2913317);
INSERT INTO public."V_INSTRUCTOR_RESP_JUICIO_B"(
	"IRJ_ID", "AIR_ID", "INF_ID", "REA_ID", "NIS_FUN_INSTRUCTOR", "FIC_ID") VALUES (83483180, 36292399, 5635407, 611196, 8031503, 2913317);
INSERT INTO public."V_INSTRUCTOR_RESP_JUICIO_B"(
	"IRJ_ID", "AIR_ID", "INF_ID", "REA_ID", "NIS_FUN_INSTRUCTOR", "FIC_ID") VALUES (83483179, 36292398, 5635407, 611197, 8031503, 2913317);
INSERT INTO public."V_INSTRUCTOR_RESP_JUICIO_B"(
	"IRJ_ID", "AIR_ID", "INF_ID", "REA_ID", "NIS_FUN_INSTRUCTOR", "FIC_ID") VALUES (83483178, 36292397, 5635407, 611108, 8031503, 2913317);
INSERT INTO public."V_INSTRUCTOR_RESP_JUICIO_B"(
	"IRJ_ID", "AIR_ID", "INF_ID", "REA_ID", "NIS_FUN_INSTRUCTOR", "FIC_ID") VALUES (83483177, 36292396, 5635407, 611179, 8031503, 2913317);
INSERT INTO public."V_INSTRUCTOR_RESP_JUICIO_B"(
	"IRJ_ID", "AIR_ID", "INF_ID", "REA_ID", "NIS_FUN_INSTRUCTOR", "FIC_ID") VALUES (83483176, 36292395, 5635407, 611117, 8031503, 2913317);
INSERT INTO public."V_INSTRUCTOR_RESP_JUICIO_B"(
	"IRJ_ID", "AIR_ID", "INF_ID", "REA_ID", "NIS_FUN_INSTRUCTOR", "FIC_ID") VALUES (83483175, 36292394, 5635407, 611167, 8031503, 2913317);
INSERT INTO public."V_INSTRUCTOR_RESP_JUICIO_B"(
	"IRJ_ID", "AIR_ID", "INF_ID", "REA_ID", "NIS_FUN_INSTRUCTOR", "FIC_ID") VALUES (83483174, 36292393, 5635407, 611181, 8031503, 2913317);
INSERT INTO public."V_INSTRUCTOR_RESP_JUICIO_B"(
	"IRJ_ID", "AIR_ID", "INF_ID", "REA_ID", "NIS_FUN_INSTRUCTOR", "FIC_ID") VALUES (83483173, 36292392, 5635407, 611107, 8031503, 2913317);
INSERT INTO public."V_INSTRUCTOR_RESP_JUICIO_B"(
	"IRJ_ID", "AIR_ID", "INF_ID", "REA_ID", "NIS_FUN_INSTRUCTOR", "FIC_ID") VALUES (83483172, 36292391, 5635407, 611198, 8031503, 2913317);
INSERT INTO public."V_INSTRUCTOR_RESP_JUICIO_B"(
	"IRJ_ID", "AIR_ID", "INF_ID", "REA_ID", "NIS_FUN_INSTRUCTOR", "FIC_ID") VALUES (83483171, 36292390, 5635407, 611180, 8031503, 2913317);
INSERT INTO public."V_INSTRUCTOR_RESP_JUICIO_B"(
	"IRJ_ID", "AIR_ID", "INF_ID", "REA_ID", "NIS_FUN_INSTRUCTOR", "FIC_ID") VALUES (83483170, 36292389, 5635407, 611169, 8031503, 2913317);
INSERT INTO public."V_INSTRUCTOR_RESP_JUICIO_B"(
	"IRJ_ID", "AIR_ID", "INF_ID", "REA_ID", "NIS_FUN_INSTRUCTOR", "FIC_ID") VALUES (83483169, 36292388, 5635407, 611201, 8031503, 2913317);
INSERT INTO public."V_INSTRUCTOR_RESP_JUICIO_B"(
	"IRJ_ID", "AIR_ID", "INF_ID", "REA_ID", "NIS_FUN_INSTRUCTOR", "FIC_ID") VALUES (83483168, 36292387, 5635407, 611199, 8031503, 2913317);
INSERT INTO public."V_INSTRUCTOR_RESP_JUICIO_B"(
	"IRJ_ID", "AIR_ID", "INF_ID", "REA_ID", "NIS_FUN_INSTRUCTOR", "FIC_ID") VALUES (83483167, 36292386, 5635407, 611187, 8031503, 2913317);
INSERT INTO public."V_INSTRUCTOR_RESP_JUICIO_B"(
	"IRJ_ID", "AIR_ID", "INF_ID", "REA_ID", "NIS_FUN_INSTRUCTOR", "FIC_ID") VALUES (83486272, 28067550, 5635584, 550001, 16300611, 2911370);
INSERT INTO public."V_INSTRUCTOR_RESP_JUICIO_B"(
	"IRJ_ID", "AIR_ID", "INF_ID", "REA_ID", "NIS_FUN_INSTRUCTOR", "FIC_ID") VALUES (83486271, 28067549, 5635584, 550002, 16300611, 2911370);
INSERT INTO public."V_INSTRUCTOR_RESP_JUICIO_B"(
	"IRJ_ID", "AIR_ID", "INF_ID", "REA_ID", "NIS_FUN_INSTRUCTOR", "FIC_ID") VALUES (83486270, 28067548, 5635584, 549999, 16300611, 2911370);
INSERT INTO public."V_INSTRUCTOR_RESP_JUICIO_B"(
	"IRJ_ID", "AIR_ID", "INF_ID", "REA_ID", "NIS_FUN_INSTRUCTOR", "FIC_ID") VALUES (83486269, 28067547, 5635584, 550000, 16300611, 2911370);
INSERT INTO public."V_INSTRUCTOR_RESP_JUICIO_B"(
	"IRJ_ID", "AIR_ID", "INF_ID", "REA_ID", "NIS_FUN_INSTRUCTOR", "FIC_ID") VALUES (83486268, 28067546, 5635584, 539628, 16300611, 2911370);
INSERT INTO public."V_INSTRUCTOR_RESP_JUICIO_B"(
	"IRJ_ID", "AIR_ID", "INF_ID", "REA_ID", "NIS_FUN_INSTRUCTOR", "FIC_ID") VALUES (83486267, 28067545, 5635584, 537998, 16300611, 2911370);
INSERT INTO public."V_INSTRUCTOR_RESP_JUICIO_B"(
	"IRJ_ID", "AIR_ID", "INF_ID", "REA_ID", "NIS_FUN_INSTRUCTOR", "FIC_ID") VALUES (83486266, 28067544, 5635584, 539629, 16300611, 2911370);
INSERT INTO public."V_INSTRUCTOR_RESP_JUICIO_B"(
	"IRJ_ID", "AIR_ID", "INF_ID", "REA_ID", "NIS_FUN_INSTRUCTOR", "FIC_ID") VALUES (83486265, 28067543, 5635584, 537995, 16300611, 2911370);
INSERT INTO public."V_INSTRUCTOR_RESP_JUICIO_B"(
	"IRJ_ID", "AIR_ID", "INF_ID", "REA_ID", "NIS_FUN_INSTRUCTOR", "FIC_ID") VALUES (83486264, 28067542, 5635584, 539626, 16300611, 2911370);
INSERT INTO public."V_INSTRUCTOR_RESP_JUICIO_B"(
	"IRJ_ID", "AIR_ID", "INF_ID", "REA_ID", "NIS_FUN_INSTRUCTOR", "FIC_ID") VALUES (83486263, 28067541, 5635584, 539627, 16300611, 2911370);
INSERT INTO public."V_INSTRUCTOR_RESP_JUICIO_B"(
	"IRJ_ID", "AIR_ID", "INF_ID", "REA_ID", "NIS_FUN_INSTRUCTOR", "FIC_ID") VALUES (83486262, 28067540, 5635584, 537996, 16300611, 2911370);
INSERT INTO public."V_INSTRUCTOR_RESP_JUICIO_B"(
	"IRJ_ID", "AIR_ID", "INF_ID", "REA_ID", "NIS_FUN_INSTRUCTOR", "FIC_ID") VALUES (83486261, 28067539, 5635584, 555160, 16300611, 2911370);
INSERT INTO public."V_INSTRUCTOR_RESP_JUICIO_B"(
	"IRJ_ID", "AIR_ID", "INF_ID", "REA_ID", "NIS_FUN_INSTRUCTOR", "FIC_ID") VALUES (83486260, 28067538, 5635584, 537300, 16300611, 2911370);
INSERT INTO public."V_INSTRUCTOR_RESP_JUICIO_B"(
	"IRJ_ID", "AIR_ID", "INF_ID", "REA_ID", "NIS_FUN_INSTRUCTOR", "FIC_ID") VALUES (83486259, 28067537, 5635584, 548389, 16300611, 2911370);
INSERT INTO public."V_INSTRUCTOR_RESP_JUICIO_B"(
	"IRJ_ID", "AIR_ID", "INF_ID", "REA_ID", "NIS_FUN_INSTRUCTOR", "FIC_ID") VALUES (83486258, 28067536, 5635584, 548394, 16300611, 2911370);
INSERT INTO public."V_INSTRUCTOR_RESP_JUICIO_B"(
	"IRJ_ID", "AIR_ID", "INF_ID", "REA_ID", "NIS_FUN_INSTRUCTOR", "FIC_ID") VALUES (83486257, 28067535, 5635584, 549984, 16300611, 2911370);
INSERT INTO public."V_INSTRUCTOR_RESP_JUICIO_B"(
	"IRJ_ID", "AIR_ID", "INF_ID", "REA_ID", "NIS_FUN_INSTRUCTOR", "FIC_ID") VALUES (83486256, 28067534, 5635584, 549988, 16300611, 2911370);
INSERT INTO public."V_INSTRUCTOR_RESP_JUICIO_B"(
	"IRJ_ID", "AIR_ID", "INF_ID", "REA_ID", "NIS_FUN_INSTRUCTOR", "FIC_ID") VALUES (83486255, 28067533, 5635584, 548371, 16300611, 2911370);
INSERT INTO public."V_INSTRUCTOR_RESP_JUICIO_B"(
	"IRJ_ID", "AIR_ID", "INF_ID", "REA_ID", "NIS_FUN_INSTRUCTOR", "FIC_ID") VALUES (83486254, 28067532, 5635584, 548367, 16300611, 2911370);
INSERT INTO public."V_INSTRUCTOR_RESP_JUICIO_B"(
	"IRJ_ID", "AIR_ID", "INF_ID", "REA_ID", "NIS_FUN_INSTRUCTOR", "FIC_ID") VALUES (83486253, 28067531, 5635584, 548392, 16300611, 2911370);
INSERT INTO public."V_INSTRUCTOR_RESP_JUICIO_B"(
	"IRJ_ID", "AIR_ID", "INF_ID", "REA_ID", "NIS_FUN_INSTRUCTOR", "FIC_ID") VALUES (83486252, 28067530, 5635584, 548396, 16300611, 2911370);
INSERT INTO public."V_INSTRUCTOR_RESP_JUICIO_B"(
	"IRJ_ID", "AIR_ID", "INF_ID", "REA_ID", "NIS_FUN_INSTRUCTOR", "FIC_ID") VALUES (83486251, 28067529, 5635584, 548391, 16300611, 2911370);
INSERT INTO public."V_INSTRUCTOR_RESP_JUICIO_B"(
	"IRJ_ID", "AIR_ID", "INF_ID", "REA_ID", "NIS_FUN_INSTRUCTOR", "FIC_ID") VALUES (83486250, 28067528, 5635584, 549983, 16300611, 2911370);
INSERT INTO public."V_INSTRUCTOR_RESP_JUICIO_B"(
	"IRJ_ID", "AIR_ID", "INF_ID", "REA_ID", "NIS_FUN_INSTRUCTOR", "FIC_ID") VALUES (83486249, 28067527, 5635584, 549991, 16300611, 2911370);
INSERT INTO public."V_INSTRUCTOR_RESP_JUICIO_B"(
	"IRJ_ID", "AIR_ID", "INF_ID", "REA_ID", "NIS_FUN_INSTRUCTOR", "FIC_ID") VALUES (83486248, 28067526, 5635584, 549990, 16300611, 2911370);
INSERT INTO public."V_INSTRUCTOR_RESP_JUICIO_B"(
	"IRJ_ID", "AIR_ID", "INF_ID", "REA_ID", "NIS_FUN_INSTRUCTOR", "FIC_ID") VALUES (83486247, 28067525, 5635584, 550006, 16300611, 2911370);
INSERT INTO public."V_INSTRUCTOR_RESP_JUICIO_B"(
	"IRJ_ID", "AIR_ID", "INF_ID", "REA_ID", "NIS_FUN_INSTRUCTOR", "FIC_ID") VALUES (83486246, 28067524, 5635584, 548363, 16300611, 2911370);
INSERT INTO public."V_INSTRUCTOR_RESP_JUICIO_B"(
	"IRJ_ID", "AIR_ID", "INF_ID", "REA_ID", "NIS_FUN_INSTRUCTOR", "FIC_ID") VALUES (83486245, 28067523, 5635584, 548393, 16300611, 2911370);
INSERT INTO public."V_INSTRUCTOR_RESP_JUICIO_B"(
	"IRJ_ID", "AIR_ID", "INF_ID", "REA_ID", "NIS_FUN_INSTRUCTOR", "FIC_ID") VALUES (83486244, 28067522, 5635584, 548361, 16300611, 2911370);
INSERT INTO public."V_INSTRUCTOR_RESP_JUICIO_B"(
	"IRJ_ID", "AIR_ID", "INF_ID", "REA_ID", "NIS_FUN_INSTRUCTOR", "FIC_ID") VALUES (83486243, 28067521, 5635584, 548359, 16300611, 2911370);
INSERT INTO public."V_INSTRUCTOR_RESP_JUICIO_B"(
	"IRJ_ID", "AIR_ID", "INF_ID", "REA_ID", "NIS_FUN_INSTRUCTOR", "FIC_ID") VALUES (83486242, 28067520, 5635584, 549982, 16300611, 2911370);
INSERT INTO public."V_INSTRUCTOR_RESP_JUICIO_B"(
	"IRJ_ID", "AIR_ID", "INF_ID", "REA_ID", "NIS_FUN_INSTRUCTOR", "FIC_ID") VALUES (83486241, 28067519, 5635584, 548368, 16300611, 2911370);
INSERT INTO public."V_INSTRUCTOR_RESP_JUICIO_B"(
	"IRJ_ID", "AIR_ID", "INF_ID", "REA_ID", "NIS_FUN_INSTRUCTOR", "FIC_ID") VALUES (83486240, 28067518, 5635584, 549985, 16300611, 2911370);
INSERT INTO public."V_INSTRUCTOR_RESP_JUICIO_B"(
	"IRJ_ID", "AIR_ID", "INF_ID", "REA_ID", "NIS_FUN_INSTRUCTOR", "FIC_ID") VALUES (83486239, 28067517, 5635584, 550004, 16300611, 2911370);
INSERT INTO public."V_INSTRUCTOR_RESP_JUICIO_B"(
	"IRJ_ID", "AIR_ID", "INF_ID", "REA_ID", "NIS_FUN_INSTRUCTOR", "FIC_ID") VALUES (83486238, 28067516, 5635584, 548390, 16300611, 2911370);
INSERT INTO public."V_INSTRUCTOR_RESP_JUICIO_B"(
	"IRJ_ID", "AIR_ID", "INF_ID", "REA_ID", "NIS_FUN_INSTRUCTOR", "FIC_ID") VALUES (83486237, 28067515, 5635584, 548395, 16300611, 2911370);
INSERT INTO public."V_INSTRUCTOR_RESP_JUICIO_B"(
	"IRJ_ID", "AIR_ID", "INF_ID", "REA_ID", "NIS_FUN_INSTRUCTOR", "FIC_ID") VALUES (83486236, 28067514, 5635584, 549986, 16300611, 2911370);
INSERT INTO public."V_INSTRUCTOR_RESP_JUICIO_B"(
	"IRJ_ID", "AIR_ID", "INF_ID", "REA_ID", "NIS_FUN_INSTRUCTOR", "FIC_ID") VALUES (83486235, 28067513, 5635584, 549992, 16300611, 2911370);
INSERT INTO public."V_INSTRUCTOR_RESP_JUICIO_B"(
	"IRJ_ID", "AIR_ID", "INF_ID", "REA_ID", "NIS_FUN_INSTRUCTOR", "FIC_ID") VALUES (83486234, 28067512, 5635584, 550005, 16300611, 2911370);
INSERT INTO public."V_INSTRUCTOR_RESP_JUICIO_B"(
	"IRJ_ID", "AIR_ID", "INF_ID", "REA_ID", "NIS_FUN_INSTRUCTOR", "FIC_ID") VALUES (83486233, 28067511, 5635584, 549981, 16300611, 2911370);
INSERT INTO public."V_INSTRUCTOR_RESP_JUICIO_B"(
	"IRJ_ID", "AIR_ID", "INF_ID", "REA_ID", "NIS_FUN_INSTRUCTOR", "FIC_ID") VALUES (83486232, 28067510, 5635584, 548365, 16300611, 2911370);
INSERT INTO public."V_INSTRUCTOR_RESP_JUICIO_B"(
	"IRJ_ID", "AIR_ID", "INF_ID", "REA_ID", "NIS_FUN_INSTRUCTOR", "FIC_ID") VALUES (83486231, 28067509, 5635584, 548364, 16300611, 2911370);
INSERT INTO public."V_INSTRUCTOR_RESP_JUICIO_B"(
	"IRJ_ID", "AIR_ID", "INF_ID", "REA_ID", "NIS_FUN_INSTRUCTOR", "FIC_ID") VALUES (83486230, 28067508, 5635584, 550003, 16300611, 2911370);
INSERT INTO public."V_INSTRUCTOR_RESP_JUICIO_B"(
	"IRJ_ID", "AIR_ID", "INF_ID", "REA_ID", "NIS_FUN_INSTRUCTOR", "FIC_ID") VALUES (83486229, 28067507, 5635584, 548370, 16300611, 2911370);
INSERT INTO public."V_INSTRUCTOR_RESP_JUICIO_B"(
	"IRJ_ID", "AIR_ID", "INF_ID", "REA_ID", "NIS_FUN_INSTRUCTOR", "FIC_ID") VALUES (83486228, 28067506, 5635584, 548366, 16300611, 2911370);
INSERT INTO public."V_INSTRUCTOR_RESP_JUICIO_B"(
	"IRJ_ID", "AIR_ID", "INF_ID", "REA_ID", "NIS_FUN_INSTRUCTOR", "FIC_ID") VALUES (83486227, 28067505, 5635584, 549989, 16300611, 2911370);
INSERT INTO public."V_INSTRUCTOR_RESP_JUICIO_B"(
	"IRJ_ID", "AIR_ID", "INF_ID", "REA_ID", "NIS_FUN_INSTRUCTOR", "FIC_ID") VALUES (83486226, 28067504, 5635584, 548362, 16300611, 2911370);
INSERT INTO public."V_INSTRUCTOR_RESP_JUICIO_B"(
	"IRJ_ID", "AIR_ID", "INF_ID", "REA_ID", "NIS_FUN_INSTRUCTOR", "FIC_ID") VALUES (83486225, 28067503, 5635584, 548360, 16300611, 2911370);
INSERT INTO public."V_INSTRUCTOR_RESP_JUICIO_B"(
	"IRJ_ID", "AIR_ID", "INF_ID", "REA_ID", "NIS_FUN_INSTRUCTOR", "FIC_ID") VALUES (83486224, 28067502, 5635584, 549987, 16300611, 2911370);
INSERT INTO public."V_INSTRUCTOR_RESP_JUICIO_B"(
	"IRJ_ID", "AIR_ID", "INF_ID", "REA_ID", "NIS_FUN_INSTRUCTOR", "FIC_ID") VALUES (83486223, 28067501, 5635584, 548369, 16300611, 2911370);
INSERT INTO public."V_INSTRUCTOR_RESP_JUICIO_B"(
	"IRJ_ID", "AIR_ID", "INF_ID", "REA_ID", "NIS_FUN_INSTRUCTOR", "FIC_ID") VALUES (83486439, 37673357, 5635586, 685416, 7892435, 2911369);
INSERT INTO public."V_INSTRUCTOR_RESP_JUICIO_B"(
	"IRJ_ID", "AIR_ID", "INF_ID", "REA_ID", "NIS_FUN_INSTRUCTOR", "FIC_ID") VALUES (83486438, 37673356, 5635586, 685415, 7892435, 2911369);
INSERT INTO public."V_INSTRUCTOR_RESP_JUICIO_B"(
	"IRJ_ID", "AIR_ID", "INF_ID", "REA_ID", "NIS_FUN_INSTRUCTOR", "FIC_ID") VALUES (83486437, 37673355, 5635586, 685414, 7892435, 2911369);
INSERT INTO public."V_INSTRUCTOR_RESP_JUICIO_B"(
	"IRJ_ID", "AIR_ID", "INF_ID", "REA_ID", "NIS_FUN_INSTRUCTOR", "FIC_ID") VALUES (83486436, 37673354, 5635586, 685413, 7892435, 2911369);
INSERT INTO public."V_INSTRUCTOR_RESP_JUICIO_B"(
	"IRJ_ID", "AIR_ID", "INF_ID", "REA_ID", "NIS_FUN_INSTRUCTOR", "FIC_ID") VALUES (83486435, 37673353, 5635586, 685370, 7892435, 2911369);
INSERT INTO public."V_INSTRUCTOR_RESP_JUICIO_B"(
	"IRJ_ID", "AIR_ID", "INF_ID", "REA_ID", "NIS_FUN_INSTRUCTOR", "FIC_ID") VALUES (83486434, 37673352, 5635586, 685373, 7892435, 2911369);
INSERT INTO public."V_INSTRUCTOR_RESP_JUICIO_B"(
	"IRJ_ID", "AIR_ID", "INF_ID", "REA_ID", "NIS_FUN_INSTRUCTOR", "FIC_ID") VALUES (83486433, 37673351, 5635586, 685423, 7892435, 2911369);
INSERT INTO public."V_INSTRUCTOR_RESP_JUICIO_B"(
	"IRJ_ID", "AIR_ID", "INF_ID", "REA_ID", "NIS_FUN_INSTRUCTOR", "FIC_ID") VALUES (83486432, 37673350, 5635586, 685372, 7892435, 2911369);
INSERT INTO public."V_INSTRUCTOR_RESP_JUICIO_B"(
	"IRJ_ID", "AIR_ID", "INF_ID", "REA_ID", "NIS_FUN_INSTRUCTOR", "FIC_ID") VALUES (83486431, 37673349, 5635586, 685375, 7892435, 2911369);
INSERT INTO public."V_INSTRUCTOR_RESP_JUICIO_B"(
	"IRJ_ID", "AIR_ID", "INF_ID", "REA_ID", "NIS_FUN_INSTRUCTOR", "FIC_ID") VALUES (83486430, 37673348, 5635586, 685424, 7892435, 2911369);
INSERT INTO public."V_INSTRUCTOR_RESP_JUICIO_B"(
	"IRJ_ID", "AIR_ID", "INF_ID", "REA_ID", "NIS_FUN_INSTRUCTOR", "FIC_ID") VALUES (83486429, 37673347, 5635586, 685371, 7892435, 2911369);
INSERT INTO public."V_INSTRUCTOR_RESP_JUICIO_B"(
	"IRJ_ID", "AIR_ID", "INF_ID", "REA_ID", "NIS_FUN_INSTRUCTOR", "FIC_ID") VALUES (83486428, 37673346, 5635586, 685422, 7892435, 2911369);
INSERT INTO public."V_INSTRUCTOR_RESP_JUICIO_B"(
	"IRJ_ID", "AIR_ID", "INF_ID", "REA_ID", "NIS_FUN_INSTRUCTOR", "FIC_ID") VALUES (83486427, 37673345, 5635586, 685421, 7892435, 2911369);
INSERT INTO public."V_INSTRUCTOR_RESP_JUICIO_B"(
	"IRJ_ID", "AIR_ID", "INF_ID", "REA_ID", "NIS_FUN_INSTRUCTOR", "FIC_ID") VALUES (83486426, 37673344, 5635586, 685374, 7892435, 2911369);
INSERT INTO public."V_INSTRUCTOR_RESP_JUICIO_B"(
	"IRJ_ID", "AIR_ID", "INF_ID", "REA_ID", "NIS_FUN_INSTRUCTOR", "FIC_ID") VALUES (83486425, 37673343, 5635586, 685380, 7892435, 2911369);
INSERT INTO public."V_INSTRUCTOR_RESP_JUICIO_B"(
	"IRJ_ID", "AIR_ID", "INF_ID", "REA_ID", "NIS_FUN_INSTRUCTOR", "FIC_ID") VALUES (83486424, 37673342, 5635586, 685410, 7892435, 2911369);
INSERT INTO public."V_INSTRUCTOR_RESP_JUICIO_B"(
	"IRJ_ID", "AIR_ID", "INF_ID", "REA_ID", "NIS_FUN_INSTRUCTOR", "FIC_ID") VALUES (83486423, 37673341, 5635586, 685381, 7892435, 2911369);
INSERT INTO public."V_INSTRUCTOR_RESP_JUICIO_B"(
	"IRJ_ID", "AIR_ID", "INF_ID", "REA_ID", "NIS_FUN_INSTRUCTOR", "FIC_ID") VALUES (83486422, 37673340, 5635586, 685285, 7892435, 2911369);
INSERT INTO public."V_INSTRUCTOR_RESP_JUICIO_B"(
	"IRJ_ID", "AIR_ID", "INF_ID", "REA_ID", "NIS_FUN_INSTRUCTOR", "FIC_ID") VALUES (83486421, 37673339, 5635586, 685418, 7892435, 2911369);
INSERT INTO public."V_INSTRUCTOR_RESP_JUICIO_B"(
	"IRJ_ID", "AIR_ID", "INF_ID", "REA_ID", "NIS_FUN_INSTRUCTOR", "FIC_ID") VALUES (83486420, 37673338, 5635586, 685376, 7892435, 2911369);
INSERT INTO public."V_INSTRUCTOR_RESP_JUICIO_B"(
	"IRJ_ID", "AIR_ID", "INF_ID", "REA_ID", "NIS_FUN_INSTRUCTOR", "FIC_ID") VALUES (83486419, 37673337, 5635586, 685378, 7892435, 2911369);
INSERT INTO public."V_INSTRUCTOR_RESP_JUICIO_B"(
	"IRJ_ID", "AIR_ID", "INF_ID", "REA_ID", "NIS_FUN_INSTRUCTOR", "FIC_ID") VALUES (83486418, 37673336, 5635586, 685420, 7892435, 2911369);
INSERT INTO public."V_INSTRUCTOR_RESP_JUICIO_B"(
	"IRJ_ID", "AIR_ID", "INF_ID", "REA_ID", "NIS_FUN_INSTRUCTOR", "FIC_ID") VALUES (83486417, 37673335, 5635586, 685286, 7892435, 2911369);
INSERT INTO public."V_INSTRUCTOR_RESP_JUICIO_B"(
	"IRJ_ID", "AIR_ID", "INF_ID", "REA_ID", "NIS_FUN_INSTRUCTOR", "FIC_ID") VALUES (83486416, 37673334, 5635586, 685377, 7892435, 2911369);
INSERT INTO public."V_INSTRUCTOR_RESP_JUICIO_B"(
	"IRJ_ID", "AIR_ID", "INF_ID", "REA_ID", "NIS_FUN_INSTRUCTOR", "FIC_ID") VALUES (83486415, 37673333, 5635586, 685419, 7892435, 2911369);
INSERT INTO public."V_INSTRUCTOR_RESP_JUICIO_B"(
	"IRJ_ID", "AIR_ID", "INF_ID", "REA_ID", "NIS_FUN_INSTRUCTOR", "FIC_ID") VALUES (83486414, 37673332, 5635586, 685379, 7892435, 2911369);
INSERT INTO public."V_INSTRUCTOR_RESP_JUICIO_B"(
	"IRJ_ID", "AIR_ID", "INF_ID", "REA_ID", "NIS_FUN_INSTRUCTOR", "FIC_ID") VALUES (83486413, 37673331, 5635586, 685417, 7892435, 2911369);
INSERT INTO public."V_INSTRUCTOR_RESP_JUICIO_B"(
	"IRJ_ID", "AIR_ID", "INF_ID", "REA_ID", "NIS_FUN_INSTRUCTOR", "FIC_ID") VALUES (83486412, 37673330, 5635586, 685287, 7892435, 2911369);
INSERT INTO public."V_INSTRUCTOR_RESP_JUICIO_B"(
	"IRJ_ID", "AIR_ID", "INF_ID", "REA_ID", "NIS_FUN_INSTRUCTOR", "FIC_ID") VALUES (83486411, 37673329, 5635586, 685367, 7892435, 2911369);
INSERT INTO public."V_INSTRUCTOR_RESP_JUICIO_B"(
	"IRJ_ID", "AIR_ID", "INF_ID", "REA_ID", "NIS_FUN_INSTRUCTOR", "FIC_ID") VALUES (83486410, 37673328, 5635586, 685366, 7892435, 2911369);
INSERT INTO public."V_INSTRUCTOR_RESP_JUICIO_B"(
	"IRJ_ID", "AIR_ID", "INF_ID", "REA_ID", "NIS_FUN_INSTRUCTOR", "FIC_ID") VALUES (83486409, 37673167, 5635586, 685405, 7892435, 2911369);
INSERT INTO public."V_INSTRUCTOR_RESP_JUICIO_B"(
	"IRJ_ID", "AIR_ID", "INF_ID", "REA_ID", "NIS_FUN_INSTRUCTOR", "FIC_ID") VALUES (83486408, 37673166, 5635586, 685383, 7892435, 2911369);
INSERT INTO public."V_INSTRUCTOR_RESP_JUICIO_B"(
	"IRJ_ID", "AIR_ID", "INF_ID", "REA_ID", "NIS_FUN_INSTRUCTOR", "FIC_ID") VALUES (83486407, 37673165, 5635586, 685409, 7892435, 2911369);
INSERT INTO public."V_INSTRUCTOR_RESP_JUICIO_B"(
	"IRJ_ID", "AIR_ID", "INF_ID", "REA_ID", "NIS_FUN_INSTRUCTOR", "FIC_ID") VALUES (83486406, 37673164, 5635586, 685406, 7892435, 2911369);
INSERT INTO public."V_INSTRUCTOR_RESP_JUICIO_B"(
	"IRJ_ID", "AIR_ID", "INF_ID", "REA_ID", "NIS_FUN_INSTRUCTOR", "FIC_ID") VALUES (83486405, 37673163, 5635586, 685369, 7892435, 2911369);
INSERT INTO public."V_INSTRUCTOR_RESP_JUICIO_B"(
	"IRJ_ID", "AIR_ID", "INF_ID", "REA_ID", "NIS_FUN_INSTRUCTOR", "FIC_ID") VALUES (83486404, 37673162, 5635586, 685368, 7892435, 2911369);
INSERT INTO public."V_INSTRUCTOR_RESP_JUICIO_B"(
	"IRJ_ID", "AIR_ID", "INF_ID", "REA_ID", "NIS_FUN_INSTRUCTOR", "FIC_ID") VALUES (83486403, 37673161, 5635586, 685408, 7892435, 2911369);
INSERT INTO public."V_INSTRUCTOR_RESP_JUICIO_B"(
	"IRJ_ID", "AIR_ID", "INF_ID", "REA_ID", "NIS_FUN_INSTRUCTOR", "FIC_ID") VALUES (83486282, 37673160, 5635586, 685382, 7892435, 2911369);
INSERT INTO public."V_INSTRUCTOR_RESP_JUICIO_B"(
	"IRJ_ID", "AIR_ID", "INF_ID", "REA_ID", "NIS_FUN_INSTRUCTOR", "FIC_ID") VALUES (83486281, 37673159, 5635586, 685407, 7892435, 2911369);
INSERT INTO public."V_INSTRUCTOR_RESP_JUICIO_B"(
	"IRJ_ID", "AIR_ID", "INF_ID", "REA_ID", "NIS_FUN_INSTRUCTOR", "FIC_ID") VALUES (83486280, 37673158, 5635586, 685411, 7892435, 2911369);
INSERT INTO public."V_INSTRUCTOR_RESP_JUICIO_B"(
	"IRJ_ID", "AIR_ID", "INF_ID", "REA_ID", "NIS_FUN_INSTRUCTOR", "FIC_ID") VALUES (83486279, 37673157, 5635586, 685365, 7892435, 2911369);
INSERT INTO public."V_INSTRUCTOR_RESP_JUICIO_B"(
	"IRJ_ID", "AIR_ID", "INF_ID", "REA_ID", "NIS_FUN_INSTRUCTOR", "FIC_ID") VALUES (83486278, 37673156, 5635586, 684565, 7892435, 2911369);
INSERT INTO public."V_INSTRUCTOR_RESP_JUICIO_B"(
	"IRJ_ID", "AIR_ID", "INF_ID", "REA_ID", "NIS_FUN_INSTRUCTOR", "FIC_ID") VALUES (83486277, 37673155, 5635586, 685412, 7892435, 2911369);
INSERT INTO public."V_INSTRUCTOR_RESP_JUICIO_B"(
	"IRJ_ID", "AIR_ID", "INF_ID", "REA_ID", "NIS_FUN_INSTRUCTOR", "FIC_ID") VALUES (83486453, 37675388, 5635621, 685406, 10136067, 2911368);
INSERT INTO public."V_INSTRUCTOR_RESP_JUICIO_B"(
	"IRJ_ID", "AIR_ID", "INF_ID", "REA_ID", "NIS_FUN_INSTRUCTOR", "FIC_ID") VALUES (83486452, 37675387, 5635621, 685369, 10136067, 2911368);
INSERT INTO public."V_INSTRUCTOR_RESP_JUICIO_B"(
	"IRJ_ID", "AIR_ID", "INF_ID", "REA_ID", "NIS_FUN_INSTRUCTOR", "FIC_ID") VALUES (83486451, 37675386, 5635621, 685368, 10136067, 2911368);
INSERT INTO public."V_INSTRUCTOR_RESP_JUICIO_B"(
	"IRJ_ID", "AIR_ID", "INF_ID", "REA_ID", "NIS_FUN_INSTRUCTOR", "FIC_ID") VALUES (83486450, 37675385, 5635621, 685408, 10136067, 2911368);
INSERT INTO public."V_INSTRUCTOR_RESP_JUICIO_B"(
	"IRJ_ID", "AIR_ID", "INF_ID", "REA_ID", "NIS_FUN_INSTRUCTOR", "FIC_ID") VALUES (83486449, 37675384, 5635621, 685382, 10136067, 2911368);
INSERT INTO public."V_INSTRUCTOR_RESP_JUICIO_B"(
	"IRJ_ID", "AIR_ID", "INF_ID", "REA_ID", "NIS_FUN_INSTRUCTOR", "FIC_ID") VALUES (83486448, 37675383, 5635621, 685407, 10136067, 2911368);
INSERT INTO public."V_INSTRUCTOR_RESP_JUICIO_B"(
	"IRJ_ID", "AIR_ID", "INF_ID", "REA_ID", "NIS_FUN_INSTRUCTOR", "FIC_ID") VALUES (83486447, 37675382, 5635621, 685411, 10136067, 2911368);
INSERT INTO public."V_INSTRUCTOR_RESP_JUICIO_B"(
	"IRJ_ID", "AIR_ID", "INF_ID", "REA_ID", "NIS_FUN_INSTRUCTOR", "FIC_ID") VALUES (83486446, 37675381, 5635621, 685365, 10136067, 2911368);
INSERT INTO public."V_INSTRUCTOR_RESP_JUICIO_B"(
	"IRJ_ID", "AIR_ID", "INF_ID", "REA_ID", "NIS_FUN_INSTRUCTOR", "FIC_ID") VALUES (83486445, 37675380, 5635621, 684565, 10136067, 2911368);
INSERT INTO public."V_INSTRUCTOR_RESP_JUICIO_B"(
	"IRJ_ID", "AIR_ID", "INF_ID", "REA_ID", "NIS_FUN_INSTRUCTOR", "FIC_ID") VALUES (83486444, 37675379, 5635621, 685412, 10136067, 2911368);
INSERT INTO public."V_INSTRUCTOR_RESP_JUICIO_B"(
	"IRJ_ID", "AIR_ID", "INF_ID", "REA_ID", "NIS_FUN_INSTRUCTOR", "FIC_ID") VALUES (83490359, 37675939, 5635621, 685416, 10136067, 2911368);
INSERT INTO public."V_INSTRUCTOR_RESP_JUICIO_B"(
	"IRJ_ID", "AIR_ID", "INF_ID", "REA_ID", "NIS_FUN_INSTRUCTOR", "FIC_ID") VALUES (83490358, 37675938, 5635621, 685415, 10136067, 2911368);
INSERT INTO public."V_INSTRUCTOR_RESP_JUICIO_B"(
	"IRJ_ID", "AIR_ID", "INF_ID", "REA_ID", "NIS_FUN_INSTRUCTOR", "FIC_ID") VALUES (83490357, 37675937, 5635621, 685414, 10136067, 2911368);
INSERT INTO public."V_INSTRUCTOR_RESP_JUICIO_B"(
	"IRJ_ID", "AIR_ID", "INF_ID", "REA_ID", "NIS_FUN_INSTRUCTOR", "FIC_ID") VALUES (83490356, 37675936, 5635621, 685413, 10136067, 2911368);
INSERT INTO public."V_INSTRUCTOR_RESP_JUICIO_B"(
	"IRJ_ID", "AIR_ID", "INF_ID", "REA_ID", "NIS_FUN_INSTRUCTOR", "FIC_ID") VALUES (83490355, 37675935, 5635621, 685370, 10136067, 2911368);
INSERT INTO public."V_INSTRUCTOR_RESP_JUICIO_B"(
	"IRJ_ID", "AIR_ID", "INF_ID", "REA_ID", "NIS_FUN_INSTRUCTOR", "FIC_ID") VALUES (83490354, 37675934, 5635621, 685373, 10136067, 2911368);
INSERT INTO public."V_INSTRUCTOR_RESP_JUICIO_B"(
	"IRJ_ID", "AIR_ID", "INF_ID", "REA_ID", "NIS_FUN_INSTRUCTOR", "FIC_ID") VALUES (83490353, 37675933, 5635621, 685423, 10136067, 2911368);
INSERT INTO public."V_INSTRUCTOR_RESP_JUICIO_B"(
	"IRJ_ID", "AIR_ID", "INF_ID", "REA_ID", "NIS_FUN_INSTRUCTOR", "FIC_ID") VALUES (83490352, 37675932, 5635621, 685372, 10136067, 2911368);
INSERT INTO public."V_INSTRUCTOR_RESP_JUICIO_B"(
	"IRJ_ID", "AIR_ID", "INF_ID", "REA_ID", "NIS_FUN_INSTRUCTOR", "FIC_ID") VALUES (83490351, 37675931, 5635621, 685375, 10136067, 2911368);
INSERT INTO public."V_INSTRUCTOR_RESP_JUICIO_B"(
	"IRJ_ID", "AIR_ID", "INF_ID", "REA_ID", "NIS_FUN_INSTRUCTOR", "FIC_ID") VALUES (83490350, 37675930, 5635621, 685424, 10136067, 2911368);
INSERT INTO public."V_INSTRUCTOR_RESP_JUICIO_B"(
	"IRJ_ID", "AIR_ID", "INF_ID", "REA_ID", "NIS_FUN_INSTRUCTOR", "FIC_ID") VALUES (83490349, 37675929, 5635621, 685371, 10136067, 2911368);
INSERT INTO public."V_INSTRUCTOR_RESP_JUICIO_B"(
	"IRJ_ID", "AIR_ID", "INF_ID", "REA_ID", "NIS_FUN_INSTRUCTOR", "FIC_ID") VALUES (83490348, 37675928, 5635621, 685422, 10136067, 2911368);
INSERT INTO public."V_INSTRUCTOR_RESP_JUICIO_B"(
	"IRJ_ID", "AIR_ID", "INF_ID", "REA_ID", "NIS_FUN_INSTRUCTOR", "FIC_ID") VALUES (83490347, 37675927, 5635621, 685421, 10136067, 2911368);
INSERT INTO public."V_INSTRUCTOR_RESP_JUICIO_B"(
	"IRJ_ID", "AIR_ID", "INF_ID", "REA_ID", "NIS_FUN_INSTRUCTOR", "FIC_ID") VALUES (83490346, 37675926, 5635621, 685374, 10136067, 2911368);
INSERT INTO public."V_INSTRUCTOR_RESP_JUICIO_B"(
	"IRJ_ID", "AIR_ID", "INF_ID", "REA_ID", "NIS_FUN_INSTRUCTOR", "FIC_ID") VALUES (83490345, 37675925, 5635621, 685380, 10136067, 2911368);
INSERT INTO public."V_INSTRUCTOR_RESP_JUICIO_B"(
	"IRJ_ID", "AIR_ID", "INF_ID", "REA_ID", "NIS_FUN_INSTRUCTOR", "FIC_ID") VALUES (83490344, 37675924, 5635621, 685410, 10136067, 2911368);
INSERT INTO public."V_INSTRUCTOR_RESP_JUICIO_B"(
	"IRJ_ID", "AIR_ID", "INF_ID", "REA_ID", "NIS_FUN_INSTRUCTOR", "FIC_ID") VALUES (83490343, 37675923, 5635621, 685381, 10136067, 2911368);
INSERT INTO public."V_INSTRUCTOR_RESP_JUICIO_B"(
	"IRJ_ID", "AIR_ID", "INF_ID", "REA_ID", "NIS_FUN_INSTRUCTOR", "FIC_ID") VALUES (83490342, 37675922, 5635621, 685285, 10136067, 2911368);
INSERT INTO public."V_INSTRUCTOR_RESP_JUICIO_B"(
	"IRJ_ID", "AIR_ID", "INF_ID", "REA_ID", "NIS_FUN_INSTRUCTOR", "FIC_ID") VALUES (83490341, 37675921, 5635621, 685418, 10136067, 2911368);
INSERT INTO public."V_INSTRUCTOR_RESP_JUICIO_B"(
	"IRJ_ID", "AIR_ID", "INF_ID", "REA_ID", "NIS_FUN_INSTRUCTOR", "FIC_ID") VALUES (83490340, 37675920, 5635621, 685376, 10136067, 2911368);
INSERT INTO public."V_INSTRUCTOR_RESP_JUICIO_B"(
	"IRJ_ID", "AIR_ID", "INF_ID", "REA_ID", "NIS_FUN_INSTRUCTOR", "FIC_ID") VALUES (83490339, 37675919, 5635621, 685378, 10136067, 2911368);
INSERT INTO public."V_INSTRUCTOR_RESP_JUICIO_B"(
	"IRJ_ID", "AIR_ID", "INF_ID", "REA_ID", "NIS_FUN_INSTRUCTOR", "FIC_ID") VALUES (83490338, 37675918, 5635621, 685420, 10136067, 2911368);
INSERT INTO public."V_INSTRUCTOR_RESP_JUICIO_B"(
	"IRJ_ID", "AIR_ID", "INF_ID", "REA_ID", "NIS_FUN_INSTRUCTOR", "FIC_ID") VALUES (83490337, 37675917, 5635621, 685286, 10136067, 2911368);
INSERT INTO public."V_INSTRUCTOR_RESP_JUICIO_B"(
	"IRJ_ID", "AIR_ID", "INF_ID", "REA_ID", "NIS_FUN_INSTRUCTOR", "FIC_ID") VALUES (83490336, 37675916, 5635621, 685377, 10136067, 2911368);
INSERT INTO public."V_INSTRUCTOR_RESP_JUICIO_B"(
	"IRJ_ID", "AIR_ID", "INF_ID", "REA_ID", "NIS_FUN_INSTRUCTOR", "FIC_ID") VALUES (83490335, 37675915, 5635621, 685419, 10136067, 2911368);
INSERT INTO public."V_INSTRUCTOR_RESP_JUICIO_B"(
	"IRJ_ID", "AIR_ID", "INF_ID", "REA_ID", "NIS_FUN_INSTRUCTOR", "FIC_ID") VALUES (83490334, 37675914, 5635621, 685379, 10136067, 2911368);
INSERT INTO public."V_INSTRUCTOR_RESP_JUICIO_B"(
	"IRJ_ID", "AIR_ID", "INF_ID", "REA_ID", "NIS_FUN_INSTRUCTOR", "FIC_ID") VALUES (83490333, 37675913, 5635621, 685417, 10136067, 2911368);
INSERT INTO public."V_INSTRUCTOR_RESP_JUICIO_B"(
	"IRJ_ID", "AIR_ID", "INF_ID", "REA_ID", "NIS_FUN_INSTRUCTOR", "FIC_ID") VALUES (83490332, 37675912, 5635621, 685287, 10136067, 2911368);
INSERT INTO public."V_INSTRUCTOR_RESP_JUICIO_B"(
	"IRJ_ID", "AIR_ID", "INF_ID", "REA_ID", "NIS_FUN_INSTRUCTOR", "FIC_ID") VALUES (83490331, 37675911, 5635621, 685367, 10136067, 2911368);
INSERT INTO public."V_INSTRUCTOR_RESP_JUICIO_B"(
	"IRJ_ID", "AIR_ID", "INF_ID", "REA_ID", "NIS_FUN_INSTRUCTOR", "FIC_ID") VALUES (83490330, 37675910, 5635621, 685366, 10136067, 2911368);
INSERT INTO public."V_INSTRUCTOR_RESP_JUICIO_B"(
	"IRJ_ID", "AIR_ID", "INF_ID", "REA_ID", "NIS_FUN_INSTRUCTOR", "FIC_ID") VALUES (83490329, 37675909, 5635621, 685405, 10136067, 2911368);
INSERT INTO public."V_INSTRUCTOR_RESP_JUICIO_B"(
	"IRJ_ID", "AIR_ID", "INF_ID", "REA_ID", "NIS_FUN_INSTRUCTOR", "FIC_ID") VALUES (83490328, 37675908, 5635621, 685383, 10136067, 2911368);
INSERT INTO public."V_INSTRUCTOR_RESP_JUICIO_B"(
	"IRJ_ID", "AIR_ID", "INF_ID", "REA_ID", "NIS_FUN_INSTRUCTOR", "FIC_ID") VALUES (83490327, 37675847, 5635621, 685409, 10136067, 2911368);


INSERT INTO public."V_FUNCIONARIO_B" ("NIS", "TIPO_DOCUMENTO", "NUM_DOC_IDENTIDAD", "PER_NOMBRE", "PER_PRIMER_APELLIDO", "PER_SEGUNDO_APELLIDO", "PER_CORREO_E", "RGN_ID", "RGN_NOMBRE", "SED_ID", "SED_NOMBRE", "SSD_ID", "SSD_NOMBRE", "VIN_ID", "FUN_RESPON_FUNCIONAL", "FUN_INSTRUCTOR", "NIS_JEFE_INMEDIATO", "FUN_ESTADO", "MPO_NOMBRE_RESIDENCIA", "PAI_NOMBRE_RESIDENCIA", "DPT_NOMBRE_RESIDENCIA", "UBU_TEL_PRINCIPAL", "UBU_TEL_MOVIL", "UBU_DIR_RESIDENCIA", "DBU_FCH_NACIMIENTO", "DBU_GENERO", "MPO_ID_RESIDENCIA", "MUM_RESIDENCIA", "DBU_ESTRATO", "DBU_ESTADO_CIVIL", "DBU_AFILIADO_EPS", "DBU_EPS") VALUES (10136067, 'CC', '77094907', 'EVERTH DANIEL', 'LOPEZ', 'ARIZA', '@', 76, 'REGIONAL VALLE', 9227, 'CENTRO DE ELECTRICIDAD Y AUTOMATIZACION INDUSTRIAL - CEAI', null, null, 21, 'Instructor Articulación', '1', 7894934, '1', 'CALI', 'COLOMBIA', 'VALLE DEL CAUCA', '3124764363', null, 'NO INGRESADO', DATE '1985-01-25', 'Masculino', 57076001, 'CALI', 2, 'Soltero', 'SI', 'Comfenalco Valle');
INSERT INTO public."V_FUNCIONARIO_B" ("NIS", "TIPO_DOCUMENTO", "NUM_DOC_IDENTIDAD", "PER_NOMBRE", "PER_PRIMER_APELLIDO", "PER_SEGUNDO_APELLIDO", "PER_CORREO_E", "RGN_ID", "RGN_NOMBRE", "SED_ID", "SED_NOMBRE", "SSD_ID", "SSD_NOMBRE", "VIN_ID", "FUN_RESPON_FUNCIONAL", "FUN_INSTRUCTOR", "NIS_JEFE_INMEDIATO", "FUN_ESTADO", "MPO_NOMBRE_RESIDENCIA", "PAI_NOMBRE_RESIDENCIA", "DPT_NOMBRE_RESIDENCIA", "UBU_TEL_PRINCIPAL", "UBU_TEL_MOVIL", "UBU_DIR_RESIDENCIA", "DBU_FCH_NACIMIENTO", "DBU_GENERO", "MPO_ID_RESIDENCIA", "MUM_RESIDENCIA", "DBU_ESTRATO", "DBU_ESTADO_CIVIL", "DBU_AFILIADO_EPS", "DBU_EPS") VALUES (16300611, 'CC', '16378349', 'ENRIQUE', 'QUINTERO', 'CALZADA', '@', 76, 'REGIONAL VALLE', 9227, 'CENTRO DE ELECTRICIDAD Y AUTOMATIZACION INDUSTRIAL - CEAI', null, null, 21, 'Instructor Articulación', '1', 7894934, '1', 'CALI', 'COLOMBIA', 'VALLE DEL CAUCA', '5640665', null, 'NO INGRESADO', DATE '1985-01-11', 'Masculino', 57076001, 'CALI', 3, 'Soltero', 'SI', 'EPS Sura');
INSERT INTO public."V_FUNCIONARIO_B" ("NIS", "TIPO_DOCUMENTO", "NUM_DOC_IDENTIDAD", "PER_NOMBRE", "PER_PRIMER_APELLIDO", "PER_SEGUNDO_APELLIDO", "PER_CORREO_E", "RGN_ID", "RGN_NOMBRE", "SED_ID", "SED_NOMBRE", "SSD_ID", "SSD_NOMBRE", "VIN_ID", "FUN_RESPON_FUNCIONAL", "FUN_INSTRUCTOR", "NIS_JEFE_INMEDIATO", "FUN_ESTADO", "MPO_NOMBRE_RESIDENCIA", "PAI_NOMBRE_RESIDENCIA", "DPT_NOMBRE_RESIDENCIA", "UBU_TEL_PRINCIPAL", "UBU_TEL_MOVIL", "UBU_DIR_RESIDENCIA", "DBU_FCH_NACIMIENTO", "DBU_GENERO", "MPO_ID_RESIDENCIA", "MUM_RESIDENCIA", "DBU_ESTRATO", "DBU_ESTADO_CIVIL", "DBU_AFILIADO_EPS", "DBU_EPS") VALUES (31475063, 'CC', '66726751', 'LINA MARCELA', 'MENDOZA', 'VICTORIA', '@', 76, 'REGIONAL VALLE', 9124, 'CENTRO AGROPECUARIO DE BUGA', null, null, 21, 'INSTRUCTOR', '1', 7920924, '1', 'TULUÁ', 'COLOMBIA', 'VALLE DEL CAUCA', '573223841503', '3223841503', ' ', DATE '1976-06-03', 'Femenino', 57076834, 'TULUÁ', 5, 'No Ingresado', 'SI', 'Sanitas');
INSERT INTO public."V_FUNCIONARIO_B" ("NIS", "TIPO_DOCUMENTO", "NUM_DOC_IDENTIDAD", "PER_NOMBRE", "PER_PRIMER_APELLIDO", "PER_SEGUNDO_APELLIDO", "PER_CORREO_E", "RGN_ID", "RGN_NOMBRE", "SED_ID", "SED_NOMBRE", "SSD_ID", "SSD_NOMBRE", "VIN_ID", "FUN_RESPON_FUNCIONAL", "FUN_INSTRUCTOR", "NIS_JEFE_INMEDIATO", "FUN_ESTADO", "MPO_NOMBRE_RESIDENCIA", "PAI_NOMBRE_RESIDENCIA", "DPT_NOMBRE_RESIDENCIA", "UBU_TEL_PRINCIPAL", "UBU_TEL_MOVIL", "UBU_DIR_RESIDENCIA", "DBU_FCH_NACIMIENTO", "DBU_GENERO", "MPO_ID_RESIDENCIA", "MUM_RESIDENCIA", "DBU_ESTRATO", "DBU_ESTADO_CIVIL", "DBU_AFILIADO_EPS", "DBU_EPS") VALUES (7636153, 'CC', '1022375456', 'CAMILO ANDRES', 'ESLAVA', 'CORTES', '@', 76, 'REGIONAL VALLE', 9124, 'CENTRO AGROPECUARIO DE BUGA', null, null, 21, 'INSTRUCTOR', '1', 7920924, '1', 'LETICIA', 'COLOMBIA', 'AMAZONAS', null, null, 'ALICIA', DATE '1992-06-05', 'Masculino', 57091001, 'LETICIA', 3, 'Soltero', 'SI', 'Famisanar');
INSERT INTO public."V_FUNCIONARIO_B" ("NIS", "TIPO_DOCUMENTO", "NUM_DOC_IDENTIDAD", "PER_NOMBRE", "PER_PRIMER_APELLIDO", "PER_SEGUNDO_APELLIDO", "PER_CORREO_E", "RGN_ID", "RGN_NOMBRE", "SED_ID", "SED_NOMBRE", "SSD_ID", "SSD_NOMBRE", "VIN_ID", "FUN_RESPON_FUNCIONAL", "FUN_INSTRUCTOR", "NIS_JEFE_INMEDIATO", "FUN_ESTADO", "MPO_NOMBRE_RESIDENCIA", "PAI_NOMBRE_RESIDENCIA", "DPT_NOMBRE_RESIDENCIA", "UBU_TEL_PRINCIPAL", "UBU_TEL_MOVIL", "UBU_DIR_RESIDENCIA", "DBU_FCH_NACIMIENTO", "DBU_GENERO", "MPO_ID_RESIDENCIA", "MUM_RESIDENCIA", "DBU_ESTRATO", "DBU_ESTADO_CIVIL", "DBU_AFILIADO_EPS", "DBU_EPS") VALUES (18969112, 'CC', '1143860914', 'MIGUEL ANGEL', 'MARTINEZ', 'NIÑO', '@', 76, 'REGIONAL VALLE', 9124, 'CENTRO AGROPECUARIO DE BUGA', null, null, 21, 'Impartir formación', '1', 7920924, '1', 'GUADALAJARA DE BUGA', 'COLOMBIA', 'VALLE DEL CAUCA', '5716342566', '3178253494', ' ', DATE '1995-04-06', 'Masculino', 57076111, 'GUADALAJARA DE BUGA', 2, 'Soltero', 'SI', 'Comfenalco Valle');
INSERT INTO public."V_FUNCIONARIO_B" ("NIS", "TIPO_DOCUMENTO", "NUM_DOC_IDENTIDAD", "PER_NOMBRE", "PER_PRIMER_APELLIDO", "PER_SEGUNDO_APELLIDO", "PER_CORREO_E", "RGN_ID", "RGN_NOMBRE", "SED_ID", "SED_NOMBRE", "SSD_ID", "SSD_NOMBRE", "VIN_ID", "FUN_RESPON_FUNCIONAL", "FUN_INSTRUCTOR", "NIS_JEFE_INMEDIATO", "FUN_ESTADO", "MPO_NOMBRE_RESIDENCIA", "PAI_NOMBRE_RESIDENCIA", "DPT_NOMBRE_RESIDENCIA", "UBU_TEL_PRINCIPAL", "UBU_TEL_MOVIL", "UBU_DIR_RESIDENCIA", "DBU_FCH_NACIMIENTO", "DBU_GENERO", "MPO_ID_RESIDENCIA", "MUM_RESIDENCIA", "DBU_ESTRATO", "DBU_ESTADO_CIVIL", "DBU_AFILIADO_EPS", "DBU_EPS") VALUES (8031503, 'CC', '79418775', 'ISMAEL ENRIQUE', 'CARABALLO', 'HERNANDEZ', '@', 76, 'REGIONAL VALLE', 9227, 'CENTRO DE ELECTRICIDAD Y AUTOMATIZACION INDUSTRIAL - CEAI', null, null, 21, 'Instructor Articulación', '1', 7884187, '1', 'CALI', 'COLOMBIA', 'VALLE DEL CAUCA', '6024045933', '3152432596', 'CRA 73D # 1B - 85', DATE '1967-05-15', 'Masculino', 57076001, 'CALI', 2, 'Casado', 'SI', 'Nueva EPS');
INSERT INTO public."V_FUNCIONARIO_B" ("NIS", "TIPO_DOCUMENTO", "NUM_DOC_IDENTIDAD", "PER_NOMBRE", "PER_PRIMER_APELLIDO", "PER_SEGUNDO_APELLIDO", "PER_CORREO_E", "RGN_ID", "RGN_NOMBRE", "SED_ID", "SED_NOMBRE", "SSD_ID", "SSD_NOMBRE", "VIN_ID", "FUN_RESPON_FUNCIONAL", "FUN_INSTRUCTOR", "NIS_JEFE_INMEDIATO", "FUN_ESTADO", "MPO_NOMBRE_RESIDENCIA", "PAI_NOMBRE_RESIDENCIA", "DPT_NOMBRE_RESIDENCIA", "UBU_TEL_PRINCIPAL", "UBU_TEL_MOVIL", "UBU_DIR_RESIDENCIA", "DBU_FCH_NACIMIENTO", "DBU_GENERO", "MPO_ID_RESIDENCIA", "MUM_RESIDENCIA", "DBU_ESTRATO", "DBU_ESTADO_CIVIL", "DBU_AFILIADO_EPS", "DBU_EPS") VALUES (7892435, 'CC', '1112220077', 'YULI ANDREA', 'CASTILLO', 'CARDONA', '@', 76, 'REGIONAL VALLE', 9227, 'CENTRO DE ELECTRICIDAD Y AUTOMATIZACION INDUSTRIAL - CEAI', null, null, 21, 'Instructor Articulación', '1', 7894934, '1', 'CALI', 'COLOMBIA', 'VALLE DEL CAUCA', '3023500747', null, 'CLL 22 N 23A-32', DATE '1987-03-16', 'Femenino', 57076001, 'CALI', 1, 'Soltero', 'SI', 'Sanitas');
INSERT INTO public."V_FUNCIONARIO_B" ("NIS", "TIPO_DOCUMENTO", "NUM_DOC_IDENTIDAD", "PER_NOMBRE", "PER_PRIMER_APELLIDO", "PER_SEGUNDO_APELLIDO", "PER_CORREO_E", "RGN_ID", "RGN_NOMBRE", "SED_ID", "SED_NOMBRE", "SSD_ID", "SSD_NOMBRE", "VIN_ID", "FUN_RESPON_FUNCIONAL", "FUN_INSTRUCTOR", "NIS_JEFE_INMEDIATO", "FUN_ESTADO", "MPO_NOMBRE_RESIDENCIA", "PAI_NOMBRE_RESIDENCIA", "DPT_NOMBRE_RESIDENCIA", "UBU_TEL_PRINCIPAL", "UBU_TEL_MOVIL", "UBU_DIR_RESIDENCIA", "DBU_FCH_NACIMIENTO", "DBU_GENERO", "MPO_ID_RESIDENCIA", "MUM_RESIDENCIA", "DBU_ESTRATO", "DBU_ESTADO_CIVIL", "DBU_AFILIADO_EPS", "DBU_EPS") VALUES (15900361, 'CC', '66717341', 'SANDRA INES', 'BARCO', 'LOPEZ', '@', 76, 'REGIONAL VALLE', 9124, 'CENTRO AGROPECUARIO DE BUGA', null, null, 21, 'IMPARTIR FORMACION PROFESIONAL INTEGRAL', '1', 7920924, '1', 'TULUÁ', 'COLOMBIA', 'VALLE DEL CAUCA', '3207576801', '3146883742', 'VEREDA LAME', DATE '1970-12-28', 'Femenino', 57076834, 'TULUÁ', 3, 'No Ingresado', 'SI', 'Cruz Blanca');


